column,category,source_archive,source_file,license,doi,method,is_normalized_composite
2019COE_DW100_100kW_27.6,Distributed,NatLabRockies/turbine-models,Distributed/2019COE_DW100_100kW_27.6.csv,BSD-3-Clause,10.11578/dc.20210112.1,"cubic-spline + varying-sigma Gaussian (sigma=0.6+0.2w, sigma-form, renorm, +/-4sigma)",False
2019COE_DW20_20kW_12.4,Distributed,NatLabRockies/turbine-models,Distributed/2019COE_DW20_20kW_12.4.csv,BSD-3-Clause,10.11578/dc.20210112.1,"cubic-spline + varying-sigma Gaussian (sigma=0.6+0.2w, sigma-form, renorm, +/-4sigma)",False
BergeyExcel10_8.9kW_7,Distributed,NatLabRockies/turbine-models,Distributed/BergeyExcel10_8.9kW_7.csv,BSD-3-Clause,10.11578/dc.20210112.1,"cubic-spline + varying-sigma Gaussian (sigma=0.6+0.2w, sigma-form, renorm, +/-4sigma)",False
BergeyExcel15_15.6kW_9.6,Distributed,NatLabRockies/turbine-models,Distributed/BergeyExcel15_15.6kW_9.6.csv,BSD-3-Clause,10.11578/dc.20210112.1,"cubic-spline + varying-sigma Gaussian (sigma=0.6+0.2w, sigma-form, renorm, +/-4sigma)",False
Bestwind30_27.2kW_13.1,Distributed,NatLabRockies/turbine-models,Distributed/Bestwind30_27.2kW_13.1.csv,BSD-3-Clause,10.11578/dc.20210112.1,"cubic-spline + varying-sigma Gaussian (sigma=0.6+0.2w, sigma-form, renorm, +/-4sigma)",False
CF10A_10kW_11.15,Distributed,NatLabRockies/turbine-models,Distributed/CF10A_10kW_11.15.csv,BSD-3-Clause,10.11578/dc.20210112.1,"cubic-spline + varying-sigma Gaussian (sigma=0.6+0.2w, sigma-form, renorm, +/-4sigma)",False
CF11A_11kW_11.15,Distributed,NatLabRockies/turbine-models,Distributed/CF11A_11kW_11.15.csv,BSD-3-Clause,10.11578/dc.20210112.1,"cubic-spline + varying-sigma Gaussian (sigma=0.6+0.2w, sigma-form, renorm, +/-4sigma)",False
CF11_11kW_9.36,Distributed,NatLabRockies/turbine-models,Distributed/CF11_11kW_9.36.csv,BSD-3-Clause,10.11578/dc.20210112.1,"cubic-spline + varying-sigma Gaussian (sigma=0.6+0.2w, sigma-form, renorm, +/-4sigma)",False
CF15_15kW_11.15,Distributed,NatLabRockies/turbine-models,Distributed/CF15_15kW_11.15.csv,BSD-3-Clause,10.11578/dc.20210112.1,"cubic-spline + varying-sigma Gaussian (sigma=0.6+0.2w, sigma-form, renorm, +/-4sigma)",False
CF20_20kW_13.1,Distributed,NatLabRockies/turbine-models,Distributed/CF20_20kW_13.1.csv,BSD-3-Clause,10.11578/dc.20210112.1,"cubic-spline + varying-sigma Gaussian (sigma=0.6+0.2w, sigma-form, renorm, +/-4sigma)",False
EWT_DW52_900kW_51.5,Distributed,NatLabRockies/turbine-models,Distributed/EWT_DW52_900kW_51.5.csv,BSD-3-Clause,10.11578/dc.20210112.1,"cubic-spline + varying-sigma Gaussian (sigma=0.6+0.2w, sigma-form, renorm, +/-4sigma)",False
EWT_DW54X_1MW_54.1,Distributed,NatLabRockies/turbine-models,Distributed/EWT_DW54X_1MW_54.1.csv,BSD-3-Clause,10.11578/dc.20210112.1,"cubic-spline + varying-sigma Gaussian (sigma=0.6+0.2w, sigma-form, renorm, +/-4sigma)",False
EWT_DW54_900kW_54,Distributed,NatLabRockies/turbine-models,Distributed/EWT_DW54_900kW_54.csv,BSD-3-Clause,10.11578/dc.20210112.1,"cubic-spline + varying-sigma Gaussian (sigma=0.6+0.2w, sigma-form, renorm, +/-4sigma)",False
EWT_DW58_1MW_58,Distributed,NatLabRockies/turbine-models,Distributed/EWT_DW58_1MW_58.csv,BSD-3-Clause,10.11578/dc.20210112.1,"cubic-spline + varying-sigma Gaussian (sigma=0.6+0.2w, sigma-form, renorm, +/-4sigma)",False
EWT_DW61_1MW_60.9,Distributed,NatLabRockies/turbine-models,Distributed/EWT_DW61_1MW_60.9.csv,BSD-3-Clause,10.11578/dc.20210112.1,"cubic-spline + varying-sigma Gaussian (sigma=0.6+0.2w, sigma-form, renorm, +/-4sigma)",False
EntegrityEW50_50kW_15,Distributed,NatLabRockies/turbine-models,Distributed/EntegrityEW50_50kW_15.csv,BSD-3-Clause,10.11578/dc.20210112.1,"cubic-spline + varying-sigma Gaussian (sigma=0.6+0.2w, sigma-form, renorm, +/-4sigma)",False
FortisMontana_3.31kW_5.04,Distributed,NatLabRockies/turbine-models,Distributed/FortisMontana_3.31kW_5.04.csv,BSD-3-Clause,10.11578/dc.20210112.1,"cubic-spline + varying-sigma Gaussian (sigma=0.6+0.2w, sigma-form, renorm, +/-4sigma)",False
GhrepowerFD21-50_61.2kW_21.5,Distributed,NatLabRockies/turbine-models,Distributed/GhrepowerFD21-50_61.2kW_21.5.csv,BSD-3-Clause,10.11578/dc.20210112.1,"cubic-spline + varying-sigma Gaussian (sigma=0.6+0.2w, sigma-form, renorm, +/-4sigma)",False
Jacobs31-20_12kW_9.45,Distributed,NatLabRockies/turbine-models,Distributed/Jacobs31-20_12kW_9.45.csv,BSD-3-Clause,10.11578/dc.20210112.1,"cubic-spline + varying-sigma Gaussian (sigma=0.6+0.2w, sigma-form, renorm, +/-4sigma)",False
Kestrele400nb_2.5kW_4,Distributed,NatLabRockies/turbine-models,Distributed/Kestrele400nb_2.5kW_4.csv,BSD-3-Clause,10.11578/dc.20210112.1,"cubic-spline + varying-sigma Gaussian (sigma=0.6+0.2w, sigma-form, renorm, +/-4sigma)",False
NPS100B-21_100kW_20.7,Distributed,NatLabRockies/turbine-models,Distributed/NPS100B-21_100kW_20.7.csv,BSD-3-Clause,10.11578/dc.20210112.1,"cubic-spline + varying-sigma Gaussian (sigma=0.6+0.2w, sigma-form, renorm, +/-4sigma)",False
NPS100B-24C_95kW_24.4,Distributed,NatLabRockies/turbine-models,Distributed/NPS100B-24C_95kW_24.4.csv,BSD-3-Clause,10.11578/dc.20210112.1,"cubic-spline + varying-sigma Gaussian (sigma=0.6+0.2w, sigma-form, renorm, +/-4sigma)",False
NPS100B-24_95kW_23.6,Distributed,NatLabRockies/turbine-models,Distributed/NPS100B-24_95kW_23.6.csv,BSD-3-Clause,10.11578/dc.20210112.1,"cubic-spline + varying-sigma Gaussian (sigma=0.6+0.2w, sigma-form, renorm, +/-4sigma)",False
NPS100C-21_100kW_20.7,Distributed,NatLabRockies/turbine-models,Distributed/NPS100C-21_100kW_20.7.csv,BSD-3-Clause,10.11578/dc.20210112.1,"cubic-spline + varying-sigma Gaussian (sigma=0.6+0.2w, sigma-form, renorm, +/-4sigma)",False
NPS100C-24_95kW_24.4,Distributed,NatLabRockies/turbine-models,Distributed/NPS100C-24_95kW_24.4.csv,BSD-3-Clause,10.11578/dc.20210112.1,"cubic-spline + varying-sigma Gaussian (sigma=0.6+0.2w, sigma-form, renorm, +/-4sigma)",False
NPS100C-27_90kW_27.4,Distributed,NatLabRockies/turbine-models,Distributed/NPS100C-27_90kW_27.4.csv,BSD-3-Clause,10.11578/dc.20210112.1,"cubic-spline + varying-sigma Gaussian (sigma=0.6+0.2w, sigma-form, renorm, +/-4sigma)",False
NPS100C-28_90kW_27.6,Distributed,NatLabRockies/turbine-models,Distributed/NPS100C-28_90kW_27.6.csv,BSD-3-Clause,10.11578/dc.20210112.1,"cubic-spline + varying-sigma Gaussian (sigma=0.6+0.2w, sigma-form, renorm, +/-4sigma)",False
NPS100C-28_90kW_28,Distributed,NatLabRockies/turbine-models,Distributed/NPS100C-28_90kW_28.csv,BSD-3-Clause,10.11578/dc.20210112.1,"cubic-spline + varying-sigma Gaussian (sigma=0.6+0.2w, sigma-form, renorm, +/-4sigma)",False
NPS60C-24_60kW_24.4,Distributed,NatLabRockies/turbine-models,Distributed/NPS60C-24_60kW_24.4.csv,BSD-3-Clause,10.11578/dc.20210112.1,"cubic-spline + varying-sigma Gaussian (sigma=0.6+0.2w, sigma-form, renorm, +/-4sigma)",False
PikaT701_1.5kW_3,Distributed,NatLabRockies/turbine-models,Distributed/PikaT701_1.5kW_3.csv,BSD-3-Clause,10.11578/dc.20210112.1,"cubic-spline + varying-sigma Gaussian (sigma=0.6+0.2w, sigma-form, renorm, +/-4sigma)",False
SD6_5.2kW_5.5,Distributed,NatLabRockies/turbine-models,Distributed/SD6_5.2kW_5.5.csv,BSD-3-Clause,10.11578/dc.20210112.1,"cubic-spline + varying-sigma Gaussian (sigma=0.6+0.2w, sigma-form, renorm, +/-4sigma)",False
SWIFT_1kW_2.1,Distributed,NatLabRockies/turbine-models,Distributed/SWIFT_1kW_2.1.csv,BSD-3-Clause,10.11578/dc.20210112.1,"cubic-spline + varying-sigma Gaussian (sigma=0.6+0.2w, sigma-form, renorm, +/-4sigma)",False
Skystream3.7_2.1kW_3.7,Distributed,NatLabRockies/turbine-models,Distributed/Skystream3.7_2.1kW_3.7.csv,BSD-3-Clause,10.11578/dc.20210112.1,"cubic-spline + varying-sigma Gaussian (sigma=0.6+0.2w, sigma-form, renorm, +/-4sigma)",False
VestasV27_225kW_27,Distributed,NatLabRockies/turbine-models,Distributed/VestasV27_225kW_27.csv,BSD-3-Clause,10.11578/dc.20210112.1,"cubic-spline + varying-sigma Gaussian (sigma=0.6+0.2w, sigma-form, renorm, +/-4sigma)",False
VestasV29_225kW_29,Distributed,NatLabRockies/turbine-models,Distributed/VestasV29_225kW_29.csv,BSD-3-Clause,10.11578/dc.20210112.1,"cubic-spline + varying-sigma Gaussian (sigma=0.6+0.2w, sigma-form, renorm, +/-4sigma)",False
2016CACost_NREL_Reference_10MW_205,Offshore,NatLabRockies/turbine-models,Offshore/2016CACost_NREL_Reference_10MW_205.csv,BSD-3-Clause,10.11578/dc.20210112.1,"cubic-spline + varying-sigma Gaussian (sigma=0.6+0.2w, sigma-form, renorm, +/-4sigma)",False
2016CACost_NREL_Reference_6MW_155,Offshore,NatLabRockies/turbine-models,Offshore/2016CACost_NREL_Reference_6MW_155.csv,BSD-3-Clause,10.11578/dc.20210112.1,"cubic-spline + varying-sigma Gaussian (sigma=0.6+0.2w, sigma-form, renorm, +/-4sigma)",False
2016CACost_NREL_Reference_8MW_180,Offshore,NatLabRockies/turbine-models,Offshore/2016CACost_NREL_Reference_8MW_180.csv,BSD-3-Clause,10.11578/dc.20210112.1,"cubic-spline + varying-sigma Gaussian (sigma=0.6+0.2w, sigma-form, renorm, +/-4sigma)",False
2019ORCost_NREL_Reference_12MW_222,Offshore,NatLabRockies/turbine-models,Offshore/2019ORCost_NREL_Reference_12MW_222.csv,BSD-3-Clause,10.11578/dc.20210112.1,"cubic-spline + varying-sigma Gaussian (sigma=0.6+0.2w, sigma-form, renorm, +/-4sigma)",False
2019ORCost_NREL_Reference_15MW_248,Offshore,NatLabRockies/turbine-models,Offshore/2019ORCost_NREL_Reference_15MW_248.csv,BSD-3-Clause,10.11578/dc.20210112.1,"cubic-spline + varying-sigma Gaussian (sigma=0.6+0.2w, sigma-form, renorm, +/-4sigma)",False
2020ATB_NREL_Reference_12MW_214,Offshore,NatLabRockies/turbine-models,Offshore/2020ATB_NREL_Reference_12MW_214.csv,BSD-3-Clause,10.11578/dc.20210112.1,"cubic-spline + varying-sigma Gaussian (sigma=0.6+0.2w, sigma-form, renorm, +/-4sigma)",False
2020ATB_NREL_Reference_15MW_240,Offshore,NatLabRockies/turbine-models,Offshore/2020ATB_NREL_Reference_15MW_240.csv,BSD-3-Clause,10.11578/dc.20210112.1,"cubic-spline + varying-sigma Gaussian (sigma=0.6+0.2w, sigma-form, renorm, +/-4sigma)",False
2020ATB_NREL_Reference_18MW_263,Offshore,NatLabRockies/turbine-models,Offshore/2020ATB_NREL_Reference_18MW_263.csv,BSD-3-Clause,10.11578/dc.20210112.1,"cubic-spline + varying-sigma Gaussian (sigma=0.6+0.2w, sigma-form, renorm, +/-4sigma)",False
DTU_Reference_v1_10MW_178,Offshore,NatLabRockies/turbine-models,Offshore/DTU_Reference_v1_10MW_178.csv,BSD-3-Clause,10.11578/dc.20210112.1,"cubic-spline + varying-sigma Gaussian (sigma=0.6+0.2w, sigma-form, renorm, +/-4sigma)",False
IEA_Reference_10MW_198,Offshore,NatLabRockies/turbine-models,Offshore/IEA_Reference_10MW_198.csv,BSD-3-Clause,10.11578/dc.20210112.1,"cubic-spline + varying-sigma Gaussian (sigma=0.6+0.2w, sigma-form, renorm, +/-4sigma)",False
IEA_Reference_15MW_240,Offshore,NatLabRockies/turbine-models,Offshore/IEA_Reference_15MW_240.csv,BSD-3-Clause,10.11578/dc.20210112.1,"cubic-spline + varying-sigma Gaussian (sigma=0.6+0.2w, sigma-form, renorm, +/-4sigma)",False
LEANWIND_Reference_8MW_164,Offshore,NatLabRockies/turbine-models,Offshore/LEANWIND_Reference_8MW_164.csv,BSD-3-Clause,10.11578/dc.20210112.1,"cubic-spline + varying-sigma Gaussian (sigma=0.6+0.2w, sigma-form, renorm, +/-4sigma)",False
NREL_Reference_5MW_126,Offshore,NatLabRockies/turbine-models,Offshore/NREL_Reference_5MW_126.csv,BSD-3-Clause,10.11578/dc.20210112.1,"cubic-spline + varying-sigma Gaussian (sigma=0.6+0.2w, sigma-form, renorm, +/-4sigma)",False
WTK_Validation_offshore_normalized,Offshore,NatLabRockies/turbine-models,Offshore/WTK_Validation_offshore_normalized.csv,BSD-3-Clause,10.11578/dc.20210112.1,"cubic-spline + varying-sigma Gaussian (sigma=0.6+0.2w, sigma-form, renorm, +/-4sigma)",True
2017COE_Market_Average_2.3MW_113,Onshore,NatLabRockies/turbine-models,Onshore/2017COE_Market_Average_2.3MW_113.csv,BSD-3-Clause,10.11578/dc.20210112.1,"cubic-spline + varying-sigma Gaussian (sigma=0.6+0.2w, sigma-form, renorm, +/-4sigma)",False
2018COE_Market_Average_2.4MW_116,Onshore,NatLabRockies/turbine-models,Onshore/2018COE_Market_Average_2.4MW_116.csv,BSD-3-Clause,10.11578/dc.20210112.1,"cubic-spline + varying-sigma Gaussian (sigma=0.6+0.2w, sigma-form, renorm, +/-4sigma)",False
2019COE_Market_Average_2.6MW_121,Onshore,NatLabRockies/turbine-models,Onshore/2019COE_Market_Average_2.6MW_121.csv,BSD-3-Clause,10.11578/dc.20210112.1,"cubic-spline + varying-sigma Gaussian (sigma=0.6+0.2w, sigma-form, renorm, +/-4sigma)",False
2020ATB_NREL_Reference_4MW_150,Onshore,NatLabRockies/turbine-models,Onshore/2020ATB_NREL_Reference_4MW_150.csv,BSD-3-Clause,10.11578/dc.20210112.1,"cubic-spline + varying-sigma Gaussian (sigma=0.6+0.2w, sigma-form, renorm, +/-4sigma)",False
2020ATB_NREL_Reference_5.5MW_175,Onshore,NatLabRockies/turbine-models,Onshore/2020ATB_NREL_Reference_5.5MW_175.csv,BSD-3-Clause,10.11578/dc.20210112.1,"cubic-spline + varying-sigma Gaussian (sigma=0.6+0.2w, sigma-form, renorm, +/-4sigma)",False
2020ATB_NREL_Reference_7MW_200,Onshore,NatLabRockies/turbine-models,Onshore/2020ATB_NREL_Reference_7MW_200.csv,BSD-3-Clause,10.11578/dc.20210112.1,"cubic-spline + varying-sigma Gaussian (sigma=0.6+0.2w, sigma-form, renorm, +/-4sigma)",False
2023NREL_Bespoke_3.3MW_148,Onshore,NatLabRockies/turbine-models,Onshore/2023NREL_Bespoke_3.3MW_148.csv,BSD-3-Clause,10.11578/dc.20210112.1,"cubic-spline + varying-sigma Gaussian (sigma=0.6+0.2w, sigma-form, renorm, +/-4sigma)",False
2023NREL_Bespoke_3MW_127.5,Onshore,NatLabRockies/turbine-models,Onshore/2023NREL_Bespoke_3MW_127.5.csv,BSD-3-Clause,10.11578/dc.20210112.1,"cubic-spline + varying-sigma Gaussian (sigma=0.6+0.2w, sigma-form, renorm, +/-4sigma)",False
2023NREL_Bespoke_6MW_170,Onshore,NatLabRockies/turbine-models,Onshore/2023NREL_Bespoke_6MW_170.csv,BSD-3-Clause,10.11578/dc.20210112.1,"cubic-spline + varying-sigma Gaussian (sigma=0.6+0.2w, sigma-form, renorm, +/-4sigma)",False
2023NREL_Bespoke_6MW_196,Onshore,NatLabRockies/turbine-models,Onshore/2023NREL_Bespoke_6MW_196.csv,BSD-3-Clause,10.11578/dc.20210112.1,"cubic-spline + varying-sigma Gaussian (sigma=0.6+0.2w, sigma-form, renorm, +/-4sigma)",False
2023NREL_Bespoke_8.3MW_196,Onshore,NatLabRockies/turbine-models,Onshore/2023NREL_Bespoke_8.3MW_196.csv,BSD-3-Clause,10.11578/dc.20210112.1,"cubic-spline + varying-sigma Gaussian (sigma=0.6+0.2w, sigma-form, renorm, +/-4sigma)",False
BAR_BAU-LBNL-IEA_3.3MW_156,Onshore,NatLabRockies/turbine-models,Onshore/BAR_BAU-LBNL-IEA_3.3MW_156.csv,BSD-3-Clause,10.11578/dc.20210112.1,"cubic-spline + varying-sigma Gaussian (sigma=0.6+0.2w, sigma-form, renorm, +/-4sigma)",False
BAR_BAU_LowSP_3.25MW_166,Onshore,NatLabRockies/turbine-models,Onshore/BAR_BAU_LowSP_3.25MW_166.csv,BSD-3-Clause,10.11578/dc.20210112.1,"cubic-spline + varying-sigma Gaussian (sigma=0.6+0.2w, sigma-form, renorm, +/-4sigma)",False
BAR_BAUa_5.0MW_167.4,Onshore,NatLabRockies/turbine-models,Onshore/BAR_BAUa_5.0MW_167.4.csv,BSD-3-Clause,10.11578/dc.20210112.1,"cubic-spline + varying-sigma Gaussian (sigma=0.6+0.2w, sigma-form, renorm, +/-4sigma)",False
BAR_HighSP_5.0MW_134.9,Onshore,NatLabRockies/turbine-models,Onshore/BAR_HighSP_5.0MW_134.9.csv,BSD-3-Clause,10.11578/dc.20210112.1,"cubic-spline + varying-sigma Gaussian (sigma=0.6+0.2w, sigma-form, renorm, +/-4sigma)",False
BAR_LowSP_4.5MW_194,Onshore,NatLabRockies/turbine-models,Onshore/BAR_LowSP_4.5MW_194.csv,BSD-3-Clause,10.11578/dc.20210112.1,"cubic-spline + varying-sigma Gaussian (sigma=0.6+0.2w, sigma-form, renorm, +/-4sigma)",False
BAR_LowSP_6.5MW_234,Onshore,NatLabRockies/turbine-models,Onshore/BAR_LowSP_6.5MW_234.csv,BSD-3-Clause,10.11578/dc.20210112.1,"cubic-spline + varying-sigma Gaussian (sigma=0.6+0.2w, sigma-form, renorm, +/-4sigma)",False
DOE_GE_1.5MW_77,Onshore,NatLabRockies/turbine-models,Onshore/DOE_GE_1.5MW_77.csv,BSD-3-Clause,10.11578/dc.20210112.1,"cubic-spline + varying-sigma Gaussian (sigma=0.6+0.2w, sigma-form, renorm, +/-4sigma)",False
IEA_Reference_3.4MW_130,Onshore,NatLabRockies/turbine-models,Onshore/IEA_Reference_3.4MW_130.csv,BSD-3-Clause,10.11578/dc.20210112.1,"cubic-spline + varying-sigma Gaussian (sigma=0.6+0.2w, sigma-form, renorm, +/-4sigma)",False
IEC_Class1_Normalized_Industry_Composite,Onshore,NatLabRockies/turbine-models,Onshore/IEC_Class1_Normalized_Industry_Composite.csv,BSD-3-Clause,10.11578/dc.20210112.1,"cubic-spline + varying-sigma Gaussian (sigma=0.6+0.2w, sigma-form, renorm, +/-4sigma)",True
IEC_Class2_Normalized_Industry_Composite,Onshore,NatLabRockies/turbine-models,Onshore/IEC_Class2_Normalized_Industry_Composite.csv,BSD-3-Clause,10.11578/dc.20210112.1,"cubic-spline + varying-sigma Gaussian (sigma=0.6+0.2w, sigma-form, renorm, +/-4sigma)",True
IEC_Class3_Normalized_Industry_Composite,Onshore,NatLabRockies/turbine-models,Onshore/IEC_Class3_Normalized_Industry_Composite.csv,BSD-3-Clause,10.11578/dc.20210112.1,"cubic-spline + varying-sigma Gaussian (sigma=0.6+0.2w, sigma-form, renorm, +/-4sigma)",True
VestasV47_660kW_47,Onshore,NatLabRockies/turbine-models,Onshore/VestasV47_660kW_47.csv,BSD-3-Clause,10.11578/dc.20210112.1,"cubic-spline + varying-sigma Gaussian (sigma=0.6+0.2w, sigma-form, renorm, +/-4sigma)",False
VestasV82_1.65MW_82,Onshore,NatLabRockies/turbine-models,Onshore/VestasV82_1.65MW_82.csv,BSD-3-Clause,10.11578/dc.20210112.1,"cubic-spline + varying-sigma Gaussian (sigma=0.6+0.2w, sigma-form, renorm, +/-4sigma)",False
WTK_Validation_IEC-1_normalized,Onshore,NatLabRockies/turbine-models,Onshore/WTK_Validation_IEC-1_normalized.csv,BSD-3-Clause,10.11578/dc.20210112.1,"cubic-spline + varying-sigma Gaussian (sigma=0.6+0.2w, sigma-form, renorm, +/-4sigma)",True
WTK_Validation_IEC-2_normalized,Onshore,NatLabRockies/turbine-models,Onshore/WTK_Validation_IEC-2_normalized.csv,BSD-3-Clause,10.11578/dc.20210112.1,"cubic-spline + varying-sigma Gaussian (sigma=0.6+0.2w, sigma-form, renorm, +/-4sigma)",True
WTK_Validation_IEC-3_normalized,Onshore,NatLabRockies/turbine-models,Onshore/WTK_Validation_IEC-3_normalized.csv,BSD-3-Clause,10.11578/dc.20210112.1,"cubic-spline + varying-sigma Gaussian (sigma=0.6+0.2w, sigma-form, renorm, +/-4sigma)",True
