scalar,offset,month,latitude,longitude,cluster,sim,obs,prt,year,season,two_month
0.7297573100098518,1.9249999999999998,1,56.379919799263476,9.928103158001553,0,0.33959107749534234,0.2689570735610826,0.7920027685791347,2016,wint,01
0.6655343353868626,0.7749999999999999,1,55.7643835649671,8.08998767067738,1,0.5667118032939045,0.39591162267829294,0.6986119229864844,2016,wint,01
0.6162174525368502,1.4925000000000002,1,55.13466810225618,14.86338662450099,2,0.4421994655688394,0.35259606702373986,0.7973688221675371,2016,wint,01
0.666173964636551,1.215,1,54.701770358247146,11.50293478205099,3,0.500771990446307,0.39682687870120636,0.7924302602219009,2016,wint,01
0.7165681880493802,2.1900000000000004,1,57.222227267476164,9.953176248307027,4,0.3406088150890935,0.2564875839509611,0.7530268524725976,2016,wint,01
0.6958531601298572,2.1400000000000006,1,55.25934079410755,10.423187417597111,5,0.400540231572815,0.29686072881532155,0.7411508393292439,2016,wint,01
0.724617041118526,0.9975,1,56.53445964228552,11.100269888034292,6,0.570738481642507,0.4748195228778153,0.8319388619308619,2016,wint,01
0.6245102836906758,2.2725,1,55.4920123078661,11.746708913104419,7,0.3706929316663361,0.247335947749393,0.6672259614920907,2016,wint,01
0.7366875779974096,1.7850000000000001,1,55.341566234653605,9.037524276376903,8,0.3386566764800514,0.2590764809436408,0.7650121758603561,2016,wint,01
0.7090624013860458,1.7600000000000002,1,56.59625437103927,8.698549099108135,9,0.40725726167457726,0.32523233277005886,0.7985918567363418,2016,wint,01
0.7123083078965942,1.9574999999999998,2,56.379919799263476,9.928103158001553,0,0.3149943923400552,0.1536934411798183,0.48792437236119773,2016,wint,01
0.6745818811290965,0.7674999999999998,2,55.7643835649671,8.08998767067738,1,0.5005394918192375,0.27933304688605054,0.5580639518987796,2016,wint,01
0.6462132434562219,1.495,2,55.13466810225618,14.86338662450099,2,0.47411779752565747,0.14512605926870825,0.3060970501974345,2016,wint,01
0.6832595324236086,1.1625,2,54.701770358247146,11.50293478205099,3,0.4926879062822437,0.19972733640251655,0.4053830708158275,2016,wint,01
0.6917209647630722,2.2200000000000006,2,57.222227267476164,9.953176248307027,4,0.31296723426207235,0.14930472588351695,0.4770618439836173,2016,wint,01
0.6664784357332463,2.1750000000000003,2,55.25934079410755,10.423187417597111,5,0.38183209264371665,0.1490668403643872,0.39039892988638814,2016,wint,01
0.7279635141870107,0.9825,2,56.53445964228552,11.100269888034292,6,0.5396049273696161,0.2902146647267615,0.5378280479043358,2016,wint,01
0.601189533828534,2.3400000000000003,2,55.4920123078661,11.746708913104419,7,0.369903888651945,0.1100566504052237,0.29752769241304106,2016,wint,01
0.706100848730759,1.8525000000000003,2,55.341566234653605,9.037524276376903,8,0.30714409777423685,0.15098027362172908,0.49156169601118493,2016,wint,01
0.6985441864686597,1.7525000000000004,2,56.59625437103927,8.698549099108135,9,0.39141846391644264,0.21203469380956028,0.5417084612922706,2016,wint,01
0.7781992771956623,1.5500000000000003,3,56.379919799263476,9.928103158001553,0,0.15948837770111068,0.20831051328797887,1.3061171998273338,2016,spring,02
0.6735125525727668,1.1375,3,55.7643835649671,8.08998767067738,1,0.35395012702619855,0.35407483610539403,1.0003523351728767,2016,spring,02
0.5385898307086696,1.9425,3,55.13466810225618,14.86338662450099,2,0.2571714436283433,0.26637486428645685,1.0357871018969511,2016,spring,02
0.6075423217336406,1.5850000000000002,3,54.701770358247146,11.50293478205099,3,0.2940465209398105,0.2735215751409633,0.9301983042232678,2016,spring,02
0.7222357532112695,1.94,3,57.222227267476164,9.953176248307027,4,0.17153715535418274,0.19587391588701436,1.141874572203218,2016,spring,02
0.6526825564240949,2.0100000000000002,3,55.25934079410755,10.423187417597111,5,0.19757797809827798,0.222016744509731,1.1236917527281145,2016,spring,02
0.7003068118274838,1.205,3,56.53445964228552,11.100269888034292,6,0.3480440296225671,0.3713112619831363,1.0668514049380509,2016,spring,02
0.5848915264327328,2.1275000000000004,3,55.4920123078661,11.746708913104419,7,0.17156519618697016,0.18964181349842565,1.1053629623793613,2016,spring,02
0.7760913673467507,1.5200000000000002,3,55.341566234653605,9.037524276376903,8,0.15724617535973637,0.21182238840097908,1.3470749791935304,2016,spring,02
0.7405218479311864,1.6375000000000002,3,56.59625437103927,8.698549099108135,9,0.2353666494197522,0.2652297366054792,1.1268790088117764,2016,spring,02
0.8085622509678705,1.5449999999999997,4,56.379919799263476,9.928103158001553,0,0.20537965963877386,0.13301539468397472,0.6476561258204685,2016,spring,02
0.7121194626379352,1.1400000000000001,4,55.7643835649671,8.08998767067738,1,0.4148346570718665,0.2805668010824409,0.6763340436954745,2016,spring,02
0.5800823808720883,1.8950000000000002,4,55.13466810225618,14.86338662450099,2,0.42050072988166504,0.2058583765927062,0.4895553371587196,2016,spring,02
0.6757688974789446,1.3725000000000003,4,54.701770358247146,11.50293478205099,3,0.3449425676083437,0.24569026664470248,0.7122642715516204,2016,spring,02
0.8041113787006715,1.7574999999999998,4,57.222227267476164,9.953176248307027,4,0.19454086394628273,0.1320090804065214,0.6785673597243415,2016,spring,02
0.720971489686757,1.9100000000000004,4,55.25934079410755,10.423187417597111,5,0.2556954638456961,0.15423807404722367,0.6032100520183704,2016,spring,02
0.7332035438744915,1.1400000000000001,4,56.53445964228552,11.100269888034292,6,0.41782685008245674,0.29032105116127277,0.694835794071106,2016,spring,02
0.6628065185826174,2.0625000000000004,4,55.4920123078661,11.746708913104419,7,0.2458588708895706,0.12497023290305699,0.5083006866943123,2016,spring,02
0.820609303013579,1.4249999999999998,4,55.341566234653605,9.037524276376903,8,0.20478815322851618,0.1483666705545698,0.7244885420154772,2016,spring,02
0.7932321081656628,1.5275,4,56.59625437103927,8.698549099108135,9,0.26825561154361444,0.1982629992642525,0.7390823928095828,2016,spring,02
0.7677147305343048,1.5250000000000001,5,56.379919799263476,9.928103158001553,0,0.1405798238408793,0.14150177971752578,1.006558237529804,2016,spring,03
0.6575782310375338,1.445,5,55.7643835649671,8.08998767067738,1,0.3678935518146538,0.20461839158347261,0.5561891220277766,2016,spring,03
0.542252141372495,2.055,5,55.13466810225618,14.86338662450099,2,0.3608889792779831,0.16336049878814826,0.45266136725753564,2016,spring,03
0.6281319266737458,1.5550000000000002,5,54.701770358247146,11.50293478205099,3,0.34431947444825145,0.17513958562930138,0.508654312713362,2016,spring,03
0.7016028386642272,1.9649999999999999,5,57.222227267476164,9.953176248307027,4,0.15790470495509482,0.13260975390564964,0.8398087564481463,2016,spring,03
0.6346542317324424,2.1075000000000004,5,55.25934079410755,10.423187417597111,5,0.21291140790112054,0.1385890213015141,0.65092341771502,2016,spring,03
0.6888313733657991,1.3025000000000002,5,56.53445964228552,11.100269888034292,6,0.3563450305928154,0.3169954548699344,0.8895745068833454,2016,spring,03
0.5907007162817628,2.1975000000000002,5,55.4920123078661,11.746708913104419,7,0.19191707774540936,0.10838822882158922,0.5647659400346504,2016,spring,03
0.7910974998697327,1.4400000000000002,5,55.341566234653605,9.037524276376903,8,0.15060121613162006,0.11346455180739519,0.7534105946942105,2016,spring,03
0.7713123888628062,1.5625000000000002,5,56.59625437103927,8.698549099108135,9,0.20821848410348015,0.1571905535350475,0.7549308324467828,2016,spring,03
0.841357892986806,1.2899999999999996,6,56.379919799263476,9.928103158001553,0,0.13237705306023584,0.147717201579197,1.1158822330935323,2016,summ,03
0.6550436688954266,1.3525000000000003,6,55.7643835649671,8.08998767067738,1,0.2698005561710112,0.26747236217862014,0.9913706849777013,2016,summ,03
0.5633951593529417,1.8375000000000001,6,55.13466810225618,14.86338662450099,2,0.26972373393034715,0.14854289785939254,0.5507223843258522,2016,summ,03
0.6374005584277579,1.5175,6,54.701770358247146,11.50293478205099,3,0.24024603844884368,0.20978618541575622,0.8732139217372636,2016,summ,03
0.7865157344713767,1.6350000000000002,6,57.222227267476164,9.953176248307027,4,0.13565851292140022,0.1577692580206166,1.1629882609138376,2016,summ,03
0.67414365572356,1.9025000000000003,6,55.25934079410755,10.423187417597111,5,0.17537598948574643,0.16047613577863673,0.9150405152335823,2016,summ,03
0.7494442283037634,1.1875,6,56.53445964228552,11.100269888034292,6,0.3461630191459742,0.2814971024063758,0.8131923019993962,2016,summ,03
0.6000972318544262,2.0600000000000005,6,55.4920123078661,11.746708913104419,7,0.1625428323798439,0.11700726380159188,0.7198549581574865,2016,summ,03
0.8044534926922033,1.2874999999999996,6,55.341566234653605,9.037524276376903,8,0.11262856763589552,0.14594290490141165,1.2957894072950868,2016,summ,03
0.779596784250393,1.4375000000000002,6,56.59625437103927,8.698549099108135,9,0.16272404313458635,0.2206401487491676,1.3559160926617329,2016,summ,03
0.7407403632161789,1.6025000000000003,7,56.379919799263476,9.928103158001553,0,0.16390550248620017,0.19770504777168102,1.2062136095054317,2016,summ,04
0.6442027935058321,1.3400000000000003,7,55.7643835649671,8.08998767067738,1,0.3612841243986122,0.3178228176682613,0.8797032479556198,2016,summ,04
0.5627314768973939,1.8225000000000002,7,55.13466810225618,14.86338662450099,2,0.24570720875389204,0.22615540097700798,0.9204263974344044,2016,summ,04
0.5925387919666274,1.6000000000000003,7,54.701770358247146,11.50293478205099,3,0.3206605661031204,0.2419935068983599,0.7546718632703276,2016,summ,04
0.7439814945735521,1.8600000000000003,7,57.222227267476164,9.953176248307027,4,0.17401613061594817,0.21745102177523798,1.249602671922123,2016,summ,04
0.6272859797352688,2.0500000000000003,7,55.25934079410755,10.423187417597111,5,0.22534247795080298,0.180480436598519,0.8009161798510164,2016,summ,04
0.685148833008959,1.3800000000000003,7,56.53445964228552,11.100269888034292,6,0.3481370044658162,0.4049938047926967,1.1633173135792387,2016,summ,04
0.5626343004409955,2.2125000000000004,7,55.4920123078661,11.746708913104419,7,0.19359547123805,0.15681084773173734,0.8099923346807978,2016,summ,04
0.7127887911806443,1.6375000000000002,7,55.341566234653605,9.037524276376903,8,0.17076376170242671,0.14771661683263454,0.8650349193527712,2016,summ,04
0.7692313356997607,1.5525000000000002,7,56.59625437103927,8.698549099108135,9,0.23256641183809693,0.259088353817874,1.1140402939967124,2016,summ,04
0.754548862909673,1.6950000000000003,8,56.379919799263476,9.928103158001553,0,0.21390906482181424,0.13642507693681646,0.6377713681767448,2016,summ,04
0.6969300303679691,1.1825,8,55.7643835649671,8.08998767067738,1,0.38374354325044724,0.2447902564853379,0.6379006521174936,2016,summ,04
0.5538775148718691,1.9474999999999998,8,55.13466810225618,14.86338662450099,2,0.383446912797882,0.1628594116741681,0.42472479563295534,2016,summ,04
0.6415524964155278,1.5125000000000002,8,54.701770358247146,11.50293478205099,3,0.32883089851761943,0.20100115518928627,0.6112599396693137,2016,summ,04
0.6998987393514213,2.1250000000000004,8,57.222227267476164,9.953176248307027,4,0.26099408299052324,0.14857057027346043,0.5692488066055317,2016,summ,04
0.6748983929594137,2.0100000000000002,8,55.25934079410755,10.423187417597111,5,0.22802406486215687,0.1388276816069556,0.608829079908204,2016,summ,04
0.6956644838879491,1.3075,8,56.53445964228552,11.100269888034292,6,0.490243482788148,0.28116241064782777,0.5735158559350564,2016,summ,04
0.6035566681088422,2.2250000000000005,8,55.4920123078661,11.746708913104419,7,0.23314323879209595,0.11100504323498563,0.47612379329590465,2016,summ,04
0.7330853166853177,1.6100000000000003,8,55.341566234653605,9.037524276376903,8,0.1662585093333181,0.13547233198033715,0.8148294636080234,2016,summ,04
0.7378014738537986,1.6750000000000003,8,56.59625437103927,8.698549099108135,9,0.2890527822037623,0.1848993562375964,0.6396733317282347,2016,summ,04
0.7407284726150405,1.5400000000000003,9,56.379919799263476,9.928103158001553,0,0.15137920473509955,0.25098318069974485,1.657976610056471,2016,autum,05
0.6453871979768291,1.3300000000000003,9,55.7643835649671,8.08998767067738,1,0.32976734526357837,0.3593315016431777,1.0896515583008048,2016,autum,05
0.5403014493533387,1.8800000000000003,9,55.13466810225618,14.86338662450099,2,0.28714437505390006,0.32454239966891335,1.1302411882802625,2016,autum,05
0.6355890675723453,1.4075000000000002,9,54.701770358247146,11.50293478205099,3,0.27686804397023035,0.28094969849489615,1.014742237732227,2016,autum,05
0.6933188165969766,1.9449999999999998,9,57.222227267476164,9.953176248307027,4,0.180699254042244,0.25980474508216866,1.4377743088050123,2016,autum,05
0.6257673894773281,1.95,9,55.25934079410755,10.423187417597111,5,0.1956387713639324,0.23803614716876087,1.2167125437828463,2016,autum,05
0.7013468123735487,1.2650000000000001,9,56.53445964228552,11.100269888034292,6,0.3364885189755666,0.5929364374843211,1.7621297727765148,2016,autum,05
0.5753272100730522,2.0600000000000005,9,55.4920123078661,11.746708913104419,7,0.1774532305505589,0.20387437787442728,1.1488907654253193,2016,autum,05
0.7761218552592524,1.3875000000000002,9,55.341566234653605,9.037524276376903,8,0.1410871648874093,0.17060119236225305,1.2091900244674745,2016,autum,05
0.7061690433430543,1.6525000000000003,9,56.59625437103927,8.698549099108135,9,0.21917502700252828,0.3147454903702958,1.4360463172962907,2016,autum,05
0.7165534084257301,1.9849999999999999,10,56.379919799263476,9.928103158001553,0,0.29152824463745397,0.2590110960891194,0.8884596976571753,2016,autum,05
0.6480132649541925,1.3900000000000003,10,55.7643835649671,8.08998767067738,1,0.48123329787556773,0.38675273987006675,0.8036699488115413,2016,autum,05
0.6151383124335777,1.5475,10,55.13466810225618,14.86338662450099,2,0.4690615969888448,0.33100238452072045,0.7056693335067299,2016,autum,05
0.6406148452682887,1.4675,10,54.701770358247146,11.50293478205099,3,0.38257861918904745,0.3540382887777816,0.9254000903872703,2016,autum,05
0.6600490286516401,2.4000000000000004,10,57.222227267476164,9.953176248307027,4,0.33883963956228536,0.29668602285050083,0.875594199172686,2016,autum,05
0.6548431994261306,2.2300000000000004,10,55.25934079410755,10.423187417597111,5,0.31400203076896105,0.25906356249403034,0.8250378567922264,2016,autum,05
0.7918060447881017,1.1025,10,56.53445964228552,11.100269888034292,6,0.6011460437481244,0.5897323192583592,0.9810133916567079,2016,autum,05
0.5862274616449532,2.3925,10,55.4920123078661,11.746708913104419,7,0.3167165436752542,0.21714417324212815,0.6856104538220058,2016,autum,05
0.6771684229154216,1.7900000000000003,10,55.341566234653605,9.037524276376903,8,0.21451695146117275,0.19526038523154615,0.9102328925594861,2016,autum,05
0.7264501690525753,1.8400000000000003,10,56.59625437103927,8.698549099108135,9,0.35871827064285305,0.30619536017927845,0.8535817248186184,2016,autum,05
0.6838274345864166,2.0775,11,56.379919799263476,9.928103158001553,0,0.32120265727865493,0.29683478036773386,0.9241355064824975,2016,autum,06
0.6681560530919226,1.1725,11,55.7643835649671,8.08998767067738,1,0.4956715659008612,0.3942463243238217,0.7953781323068156,2016,autum,06
0.6161540970568187,1.7150000000000003,11,55.13466810225618,14.86338662450099,2,0.4772305069612631,0.3544079090690726,0.7426346469879804,2016,autum,06
0.6519679468012953,1.4575,11,54.701770358247146,11.50293478205099,3,0.46999565958171646,0.3846402165830629,0.8183909973240655,2016,autum,06
0.6523782871672776,2.455,11,57.222227267476164,9.953176248307027,4,0.3935016749477114,0.30494103339492856,0.77494214843037,2016,autum,06
0.632622940230027,2.29,11,55.25934079410755,10.423187417597111,5,0.3592924069485804,0.3038497357787951,0.8456892767630353,2016,autum,06
0.7422896541077149,1.0425,11,56.53445964228552,11.100269888034292,6,0.6524915031566,0.5000709272780847,0.7664022057894386,2016,autum,06
0.5686914627737922,2.4625000000000004,11,55.4920123078661,11.746708913104419,7,0.35337542932262894,0.24871052200278151,0.7038138516860797,2016,autum,06
0.6547530543354887,1.9175000000000002,11,55.341566234653605,9.037524276376903,8,0.2576260456570723,0.26426170813667943,1.0257569550574086,2016,autum,06
0.6758782334561177,1.9425,11,56.59625437103927,8.698549099108135,9,0.38605929666776445,0.3466041987121039,0.8978004200489054,2016,autum,06
0.698879790802251,2.0250000000000004,12,56.379919799263476,9.928103158001553,0,0.3570015693244167,0.33959107749534234,0.9512313297052961,2016,wint,06
0.645672126916458,0.9174999999999999,12,55.7643835649671,8.08998767067738,1,0.5307664094475315,0.5667118032939045,1.0677235657844062,2016,wint,06
0.6219233168806679,1.4500000000000002,12,55.13466810225618,14.86338662450099,2,0.5039890826929236,0.4421994655688394,0.8773988976230818,2016,wint,06
0.6608675345908677,1.1775,12,54.701770358247146,11.50293478205099,3,0.5007602242035013,0.500771990446307,1.0000234967600001,2016,wint,06
0.6464197114229011,2.3600000000000003,12,57.222227267476164,9.953176248307027,4,0.4098488829128595,0.3406088150890935,0.8310595180065734,2016,wint,06
0.6698163272614457,2.1950000000000003,12,55.25934079410755,10.423187417597111,5,0.38804492498155424,0.400540231572815,1.0322006700431778,2016,wint,06
0.6862583847740565,0.945,12,56.53445964228552,11.100269888034292,6,0.6170434603534245,0.570738481642507,0.9249566980510653,2016,wint,06
0.5847777356916299,2.4000000000000004,12,55.4920123078661,11.746708913104419,7,0.3878247085513868,0.3706929316663361,0.955825978831927,2016,wint,06
0.7117094264937278,1.8425000000000002,12,55.341566234653605,9.037524276376903,8,0.30985754155136935,0.3386566764800514,1.092943146661827,2016,wint,06
0.6812704181017657,1.8000000000000003,12,56.59625437103927,8.698549099108135,9,0.43211157678776796,0.40725726167457726,0.9424817189626051,2016,wint,06
0.7087718324320924,1.8725000000000003,1,56.379919799263476,9.928103158001553,0,0.25768852917928325,0.3182203177782183,1.2349029224999801,2017,wint,01
0.6447015511698808,1.1225,1,55.7643835649671,8.08998767067738,1,0.4407876151888069,0.47967776102034426,1.0882287625410692,2017,wint,01
0.5975434262641826,1.6500000000000004,1,55.13466810225618,14.86338662450099,2,0.3847605153954989,0.3120370587244409,0.810990333568129,2017,wint,01
0.6434624766686481,1.4000000000000004,1,54.701770358247146,11.50293478205099,3,0.38944916365733956,0.4132742244485519,1.0611763049314826,2017,wint,01
0.6665768526141345,2.2175000000000002,1,57.222227267476164,9.953176248307027,4,0.3088202347919652,0.3080273102188133,0.997432407323678,2017,wint,01
0.652766362232089,2.1175,1,55.25934079410755,10.423187417597111,5,0.2936316283535527,0.34638253067984787,1.179649932883863,2017,wint,01
0.7156072923627859,1.1825,1,56.53445964228552,11.100269888034292,6,0.5103181229853689,0.5716894333808408,1.1202608875351099,2017,wint,01
0.5711698334303783,2.325,1,55.4920123078661,11.746708913104419,7,0.27844756450951874,0.2775491196774551,0.9967733787377662,2017,wint,01
0.7126511685200709,1.7175000000000002,1,55.341566234653605,9.037524276376903,8,0.22390219346591725,0.3301585717841201,1.4745660445455948,2017,wint,01
0.6818023405788654,1.7975,1,56.59625437103927,8.698549099108135,9,0.332031905606857,0.37823235053461834,1.1391445946838163,2017,wint,01
0.7669357875716316,1.8950000000000002,2,56.379919799263476,9.928103158001553,0,0.33677921706928216,0.2583744273608076,0.7671923155152858,2017,wint,01
0.6795099924794782,1.115,2,55.7643835649671,8.08998767067738,1,0.6002099249777865,0.35281064278131824,0.5878120772401016,2017,wint,01
0.5640784201700859,1.7425000000000004,2,55.13466810225618,14.86338662450099,2,0.5142360130743266,0.2321943093658838,0.45153257154769305,2017,wint,01
0.6875670473525157,1.2900000000000003,2,54.701770358247146,11.50293478205099,3,0.5085752534253003,0.3015093706951713,0.5928510454735626,2017,wint,01
0.7604562225014533,2.1750000000000003,2,57.222227267476164,9.953176248307027,4,0.3297606105725925,0.2802373020116154,0.8498204243527285,2017,wint,01
0.7116297753124352,2.1800000000000006,2,55.25934079410755,10.423187417597111,5,0.4062107571456219,0.23674064112052276,0.5828024909632168,2017,wint,01
0.7500770470885407,1.0825,2,56.53445964228552,11.100269888034292,6,0.6235738463257362,0.4548931887455064,0.7294936941724844,2017,wint,01
0.6284932732915638,2.41,2,55.4920123078661,11.746708913104419,7,0.3886396407748502,0.1897763261346876,0.48830923617652866,2017,wint,01
0.7938688090917441,1.6725000000000003,2,55.341566234653605,9.037524276376903,8,0.33356717853802836,0.2192026244257233,0.6571468613502485,2017,wint,01
0.766121785155109,1.7250000000000003,2,56.59625437103927,8.698549099108135,9,0.40086676801987575,0.3077747389669401,0.767773144397143,2017,wint,01
0.7904524065339806,1.7125000000000004,3,56.379919799263476,9.928103158001553,0,0.2625523322472272,0.29719735951680826,1.131954749641905,2017,spring,02
0.6612892785730476,1.3175000000000001,3,55.7643835649671,8.08998767067738,1,0.45890159494628113,0.38977839337388603,0.8493724965578151,2017,spring,02
0.5264608701089261,1.8950000000000002,3,55.13466810225618,14.86338662450099,2,0.4267481905964604,0.27830609366586656,0.6521552986009894,2017,spring,02
0.6444226032625286,1.5000000000000002,3,54.701770358247146,11.50293478205099,3,0.40705765433410795,0.36010640507268304,0.8846570043296916,2017,spring,02
0.7518796952877334,2.0900000000000003,3,57.222227267476164,9.953176248307027,4,0.3046721643189009,0.3246088769575135,1.0654366068629257,2017,spring,02
0.6763560261216015,2.1425000000000005,3,55.25934079410755,10.423187417597111,5,0.2981895407701914,0.28742038853694213,0.9638848760240426,2017,spring,02
0.7039295939087038,1.245,3,56.53445964228552,11.100269888034292,6,0.5416151711398621,0.4917833085890377,0.9079939684002014,2017,spring,02
0.5914507486163209,2.3425000000000002,3,55.4920123078661,11.746708913104419,7,0.29088153767312813,0.24682103472227773,0.8485276745189568,2017,spring,02
0.7981831584353447,1.5450000000000002,3,55.341566234653605,9.037524276376903,8,0.21986840117574058,0.27863856747955795,1.2672970103459407,2017,spring,02
0.7508105964153116,1.7025000000000003,3,56.59625437103927,8.698549099108135,9,0.33526015037104806,0.3681054402619478,1.0979695614123788,2017,spring,02
0.8327940966021532,1.6574999999999998,4,56.379919799263476,9.928103158001553,0,0.2817953212072967,0.19717533022721762,0.6997111569576764,2017,spring,02
0.7112644850558998,1.065,4,55.7643835649671,8.08998767067738,1,0.4574286750990761,0.27215073664113243,0.5949577528828649,2017,spring,02
0.5653491768824641,1.8150000000000002,4,55.13466810225618,14.86338662450099,2,0.45705223048371607,0.164443294805766,0.3597910344551416,2017,spring,02
0.7048991113310499,1.2325000000000002,4,54.701770358247146,11.50293478205099,3,0.42793468674168866,0.294947196029993,0.6892341405547945,2017,spring,02
0.8063188909449617,1.995,4,57.222227267476164,9.953176248307027,4,0.3212258913308175,0.17875487192089734,0.5564771606059766,2017,spring,02
0.7383166855937056,2.0050000000000003,4,55.25934079410755,10.423187417597111,5,0.32035461232632784,0.21997854535635034,0.6866720093677632,2017,spring,02
0.7622104244308263,1.11,4,56.53445964228552,11.100269888034292,6,0.5248390501690665,0.3562521695858395,0.6787836565725814,2017,spring,02
0.6787673375478931,2.1900000000000004,4,55.4920123078661,11.746708913104419,7,0.3093206432833408,0.1756699471016479,0.5679218342396,2017,spring,02
0.8658563323818516,1.4324999999999999,4,55.341566234653605,9.037524276376903,8,0.25107989870682723,0.1935158276864854,0.7707340519220284,2017,spring,02
0.8188244265563867,1.5699999999999996,4,56.59625437103927,8.698549099108135,9,0.3569077991737029,0.23757093779571448,0.665636722833539,2017,spring,02
0.825799039250823,1.4999999999999996,5,56.379919799263476,9.928103158001553,0,0.1890466279365976,0.2734185332119269,1.4463020906335653,2017,spring,03
0.6649329794891295,1.3500000000000003,5,55.7643835649671,8.08998767067738,1,0.35121286118292516,0.32848981638799696,0.9353012167083108,2017,spring,03
0.4406882238112644,1.9449999999999998,5,55.13466810225618,14.86338662450099,2,0.4099327142853009,0.260896899033566,0.6364383469331739,2017,spring,03
0.7072628560941636,1.2425000000000002,5,54.701770358247146,11.50293478205099,3,0.34886906362634407,0.3338240743754003,0.9568749688076164,2017,spring,03
0.7893155397125111,1.7925000000000002,5,57.222227267476164,9.953176248307027,4,0.18199574917854727,0.292416499486438,1.6067215899617646,2017,spring,03
0.7115335962521272,1.9725,5,55.25934079410755,10.423187417597111,5,0.25802240201004456,0.24642116454860513,0.9550378673670831,2017,spring,03
0.7539682576179423,1.1225,5,56.53445964228552,11.100269888034292,6,0.38585478285458463,0.5181525912932158,1.3428694273526465,2017,spring,03
0.6518396841216877,2.1300000000000003,5,55.4920123078661,11.746708913104419,7,0.23327293277896835,0.22759231081466694,0.975648173593788,2017,spring,03
0.86650139044781,1.2674999999999998,5,55.341566234653605,9.037524276376903,8,0.17420743343667958,0.20878539174660304,1.1984872724876678,2017,spring,03
0.8110557457691143,1.4549999999999996,5,56.59625437103927,8.698549099108135,9,0.2332726001913547,0.3170745364368722,1.3592446612965876,2017,spring,03
0.7747112342718108,1.7575000000000003,6,56.379919799263476,9.928103158001553,0,0.2854496487005644,0.1634046230205518,0.5724463973398077,2017,summ,03
0.6661098349911116,1.2625000000000002,6,55.7643835649671,8.08998767067738,1,0.42284859712637596,0.25694560548156775,0.6076539149656323,2017,summ,03
0.5055621182798584,1.9625,6,55.13466810225618,14.86338662450099,2,0.5122956350131379,0.17159289004248834,0.33494895977024636,2017,summ,03
0.6768315004019689,1.3850000000000002,6,54.701770358247146,11.50293478205099,3,0.4200528791751216,0.18602543641202987,0.4428619481845646,2017,summ,03
0.7596524998304799,2.1000000000000005,6,57.222227267476164,9.953176248307027,4,0.31349792906313656,0.1992189762466631,0.6354714266917585,2017,summ,03
0.6791323983269422,2.115,6,55.25934079410755,10.423187417597111,5,0.30858422274394787,0.14685995322368417,0.47591530091136025,2017,summ,03
0.7416368989075228,1.1825,6,56.53445964228552,11.100269888034292,6,0.5739851834374563,0.3558957744189602,0.6200434866412192,2017,summ,03
0.6330788692750642,2.31,6,55.4920123078661,11.746708913104419,7,0.3153129745567633,0.11873299412567358,0.37655600532320943,2017,summ,03
0.7667544176537895,1.6075000000000002,6,55.341566234653605,9.037524276376903,8,0.22103265743662123,0.13587012418755284,0.614706106162218,2017,summ,03
0.7618601337169464,1.6500000000000004,6,56.59625437103927,8.698549099108135,9,0.3385980076635313,0.22964117782458515,0.6782118400790539,2017,summ,03
0.7489322681367137,1.6725000000000003,7,56.379919799263476,9.928103158001553,0,0.17860632268007456,0.16343485423149273,0.9150563752675348,2017,summ,04
0.6730724649729851,1.3275000000000001,7,55.7643835649671,8.08998767067738,1,0.32588530236640256,0.27517548821727683,0.8443936753793481,2017,summ,04
0.4925935815472138,2.0300000000000002,7,55.13466810225618,14.86338662450099,2,0.35187283836190286,0.16872056942090663,0.47949301857558196,2017,summ,04
0.6473261464302231,1.4500000000000002,7,54.701770358247146,11.50293478205099,3,0.2495165166130713,0.22417289771183538,0.8984290930105576,2017,summ,04
0.74303776594111,1.9100000000000004,7,57.222227267476164,9.953176248307027,4,0.2201161562692501,0.16850904897298843,0.7655460272841812,2017,summ,04
0.6868850613197122,1.8675000000000002,7,55.25934079410755,10.423187417597111,5,0.18097900086597504,0.16773633697158247,0.9268276218178512,2017,summ,04
0.7263299068188827,1.2725000000000002,7,56.53445964228552,11.100269888034292,6,0.4057103004881258,0.37152627045469816,0.9157427603087733,2017,summ,04
0.5876503367495689,2.1175,7,55.4920123078661,11.746708913104419,7,0.18377333829436787,0.1466743116112492,0.7981261752796072,2017,summ,04
0.7860484491362645,1.3950000000000002,7,55.341566234653605,9.037524276376903,8,0.1391046672552096,0.14506332334205754,1.0428357739853247,2017,summ,04
0.7614497497964958,1.5950000000000002,7,56.59625437103927,8.698549099108135,9,0.24540879525673098,0.21350673251346608,0.8700044034286097,2017,summ,04
0.7500329602675997,1.6400000000000003,8,56.379919799263476,9.928103158001553,0,0.17828188421869748,0.14122145391987576,0.7921245309851006,2017,summ,04
0.6679410444605236,1.2725000000000002,8,55.7643835649671,8.08998767067738,1,0.35283353508925774,0.21588079595434215,0.6118488592637032,2017,summ,04
0.5059107536156615,2.015,8,55.13466810225618,14.86338662450099,2,0.33092116068508565,0.14669977989185254,0.4433073412052256,2017,summ,04
0.625169820410953,1.5525000000000002,8,54.701770358247146,11.50293478205099,3,0.31635297749284036,0.2731778557398562,0.8635223158158475,2017,summ,04
0.7144113221899318,1.9725,8,57.222227267476164,9.953176248307027,4,0.19654588657452363,0.1542922948443788,0.7850192010295587,2017,summ,04
0.6510043740787856,2.0400000000000005,8,55.25934079410755,10.423187417597111,5,0.22315039047796117,0.17935782188630964,0.8037531169098421,2017,summ,04
0.7218978304528112,1.2700000000000002,8,56.53445964228552,11.100269888034292,6,0.4271252901730052,0.3427728375410661,0.8025112196054405,2017,summ,04
0.6108515707590776,2.1725000000000003,8,55.4920123078661,11.746708913104419,7,0.21420043935612748,0.16213512629083202,0.7569318101223304,2017,summ,04
0.7628024268642131,1.495,8,55.341566234653605,9.037524276376903,8,0.15465106376706175,0.12142082763227321,0.7851276588382183,2017,summ,04
0.7377669147710597,1.6575000000000002,8,56.59625437103927,8.698549099108135,9,0.238214802713582,0.16515410530199592,0.6932990872971453,2017,summ,04
0.7125590726848825,1.7775,9,56.379919799263476,9.928103158001553,0,0.16531337921320652,0.26717115839829336,1.6161496405788167,2017,autum,05
0.6495653866062256,1.3575000000000002,9,55.7643835649671,8.08998767067738,1,0.2881193290934102,0.4492495390291175,1.5592481783249879,2017,autum,05
0.42509645727652556,2.0375,9,55.13466810225618,14.86338662450099,2,0.3910317781100448,0.29768217947816067,0.7612736256805872,2017,autum,05
0.6373228129435531,1.4375000000000002,9,54.701770358247146,11.50293478205099,3,0.3747957083251218,0.4159340612419468,1.1097620703840583,2017,autum,05
0.7027819107522759,1.9925,9,57.222227267476164,9.953176248307027,4,0.18412630790179685,0.3243547716165817,1.7615884189106494,2017,autum,05
0.6328784048425762,2.1400000000000006,9,55.25934079410755,10.423187417597111,5,0.24860259123095263,0.29466926715070374,1.1853024769036096,2017,autum,05
0.7512395685087834,1.11,9,56.53445964228552,11.100269888034292,6,0.3730931418457538,0.5768905178441475,1.546237261264504,2017,autum,05
0.5933281793375261,2.2875,9,55.4920123078661,11.746708913104419,7,0.24732800975090966,0.2704558099950515,1.0935106390393647,2017,autum,05
0.6864280826797922,1.7375000000000003,9,55.341566234653605,9.037524276376903,8,0.14977033434831838,0.25662947517095064,1.7134866947289558,2017,autum,05
0.7004102815517621,1.7250000000000003,9,56.59625437103927,8.698549099108135,9,0.19802243645736825,0.34996279359328775,1.7672885954447406,2017,autum,05
0.6796251880171293,2.0900000000000003,10,56.379919799263476,9.928103158001553,0,0.33422493030797823,0.22467478629277196,0.6722262940880589,2017,autum,05
0.6369068568764711,0.9224999999999999,10,55.7643835649671,8.08998767067738,1,0.6169500871296275,0.3878494424788468,0.6286561110369949,2017,autum,05
0.4998822061706379,1.7150000000000003,10,55.13466810225618,14.86338662450099,2,0.5955982182726266,0.31578585568607404,0.5301994633260094,2017,autum,05
0.6460285601698796,1.3150000000000002,10,54.701770358247146,11.50293478205099,3,0.5595167194004742,0.39005378268385077,0.69712623262053,2017,autum,05
0.6880365704339415,2.39,10,57.222227267476164,9.953176248307027,4,0.39876696698550174,0.2531913412921597,0.6349355946059724,2017,autum,05
0.6358569882546976,2.3200000000000003,10,55.25934079410755,10.423187417597111,5,0.40564121960826843,0.25331616470882645,0.6244832932744268,2017,autum,05
0.7072695820526831,1.095,10,56.53445964228552,11.100269888034292,6,0.6823478539869168,0.4943677728610021,0.7245098961950879,2017,autum,05
0.5879666813996742,2.475,10,55.4920123078661,11.746708913104419,7,0.4182665516832372,0.22773752303709813,0.5444794046299187,2017,autum,05
0.6618814494211792,1.99,10,55.341566234653605,9.037524276376903,8,0.3333705765744266,0.19117502775229642,0.5734610106168613,2017,autum,05
0.676681475778113,1.9249999999999998,10,56.59625437103927,8.698549099108135,9,0.4404989218706573,0.2933695323164693,0.6659937578748734,2017,autum,05
0.6800881932120202,1.9949999999999999,11,56.379919799263476,9.928103158001553,0,0.28079189132678717,0.31269327918706197,1.1136122119108767,2017,autum,06
0.6693352760816706,1.04,11,55.7643835649671,8.08998767067738,1,0.4958282007483568,0.4189433662101518,0.8449365437017051,2017,autum,06
0.5881551507973108,1.6225000000000003,11,55.13466810225618,14.86338662450099,2,0.48813345133370084,0.3626894219740829,0.743012839999238,2017,autum,06
0.6797473215274994,1.2575,11,54.701770358247146,11.50293478205099,3,0.4878240254998394,0.4835243409309693,0.9911859926036556,2017,autum,06
0.6625134113872272,2.3475,11,57.222227267476164,9.953176248307027,4,0.32845491835502505,0.3298694427683384,1.0043066014063593,2017,autum,06
0.6515043419677959,2.2350000000000003,11,55.25934079410755,10.423187417597111,5,0.3366295397357147,0.3589376430947555,1.0662690011594191,2017,autum,06
0.7221844497578156,1.125,11,56.53445964228552,11.100269888034292,6,0.5680381019660222,0.587640707433549,1.0345093144274666,2017,autum,06
0.589864954658132,2.4225000000000003,11,55.4920123078661,11.746708913104419,7,0.3504867831531025,0.31108224141636687,0.8875719609674336,2017,autum,06
0.6752476414374764,1.8725000000000003,11,55.341566234653605,9.037524276376903,8,0.24135841327782465,0.27255564961831086,1.129256883639583,2017,autum,06
0.6746348008198131,1.8950000000000002,11,56.59625437103927,8.698549099108135,9,0.3708571707886738,0.35936644488607244,0.9690157645376928,2017,autum,06
0.7001741968814745,2.0275000000000003,12,56.379919799263476,9.928103158001553,0,0.3751012520877725,0.25768852917928325,0.6869839216611971,2017,wint,06
0.6484994546213907,0.9099999999999999,12,55.7643835649671,8.08998767067738,1,0.5604600343121631,0.4407876151888069,0.7864746604631198,2017,wint,06
0.5706968452842915,1.4325000000000003,12,55.13466810225618,14.86338662450099,2,0.5870393987776169,0.3847605153954989,0.6554253704209287,2017,wint,06
0.6822249861223731,1.185,12,54.701770358247146,11.50293478205099,3,0.601616699481764,0.38944916365733956,0.6473376885861267,2017,wint,06
0.687392899778941,2.2800000000000002,12,57.222227267476164,9.953176248307027,4,0.40608237368819117,0.3088202347919652,0.7604866765999837,2017,wint,06
0.6743415885062629,2.2625,12,55.25934079410755,10.423187417597111,5,0.45402425398760876,0.2936316283535527,0.6467311509784817,2017,wint,06
0.7169666432346242,1.0,12,56.53445964228552,11.100269888034292,6,0.6820254828319933,0.5103181229853689,0.7482390846546685,2017,wint,06
0.6109537473103446,2.43,12,55.4920123078661,11.746708913104419,7,0.4541857716870167,0.27844756450951874,0.6130697654293744,2017,wint,06
0.68314313648063,1.9075000000000002,12,55.341566234653605,9.037524276376903,8,0.33847813913329355,0.22390219346591725,0.6614967632451559,2017,wint,06
0.6951827701844642,1.7725000000000002,12,56.59625437103927,8.698549099108135,9,0.43543491396383055,0.332031905606857,0.762529358485106,2017,wint,06
0.712873930724659,1.9249999999999998,1,56.379919799263476,9.928103158001553,0,0.2973915222472717,0.2550449426148762,0.8576066348078825,2018,wint,01
0.6327000911199583,1.0875,1,55.7643835649671,8.08998767067738,1,0.4789690842013536,0.34052928467594806,0.7109629742465656,2018,wint,01
0.5205038629919625,1.7300000000000004,1,55.13466810225618,14.86338662450099,2,0.44997740174658923,0.21274502097771492,0.47279045603611247,2018,wint,01
0.669357563563892,1.2850000000000001,1,54.701770358247146,11.50293478205099,3,0.4865692727899881,0.2677711357479981,0.5503247959177497,2018,wint,01
0.690336962592649,2.25,1,57.222227267476164,9.953176248307027,4,0.320547075510638,0.26359946815305024,0.8223424523001214,2018,wint,01
0.6744898517586443,2.1625000000000005,1,55.25934079410755,10.423187417597111,5,0.37121982789086483,0.23954091092476779,0.6452804859205704,2018,wint,01
0.6990563646285726,1.0,1,56.53445964228552,11.100269888034292,6,0.5490225881738187,0.46397017858346046,0.8450839520587614,2018,wint,01
0.6013401656801299,2.35,1,55.4920123078661,11.746708913104419,7,0.35328154963491587,0.1791079065853205,0.5069834718807481,2018,wint,01
0.6955884684655784,1.8475000000000001,1,55.341566234653605,9.037524276376903,8,0.2852193333902878,0.19907843755950785,0.6979836716997488,2018,wint,01
0.6772516868133489,1.8025000000000002,1,56.59625437103927,8.698549099108135,9,0.34788827720464327,0.2897535795426309,0.8328926225133624,2018,wint,01
0.7680468434757262,1.8200000000000003,2,56.379919799263476,9.928103158001553,0,0.2693914548183998,0.24483242479720052,0.908835155748519,2018,wint,01
0.6515220084477282,1.0525,2,55.7643835649671,8.08998767067738,1,0.45250855325521133,0.33525833263903754,0.7408883881360678,2018,wint,01
0.5955223432896383,1.7950000000000002,2,55.13466810225618,14.86338662450099,2,0.3227302192967489,0.2604935159645263,0.8071556377092898,2018,wint,01
0.671877911832172,1.3500000000000003,2,54.701770358247146,11.50293478205099,3,0.3404751047256903,0.31472376635512916,0.9243664573029262,2018,wint,01
0.7391673576770945,2.1800000000000006,2,57.222227267476164,9.953176248307027,4,0.2933406086993705,0.2402337849399991,0.818958500172072,2018,wint,01
0.6908935508142655,2.0525,2,55.25934079410755,10.423187417597111,5,0.2927814926809668,0.27406407609541045,0.9360703560386857,2018,wint,01
0.7560095222033041,1.07,2,56.53445964228552,11.100269888034292,6,0.5006786683201555,0.41882647229270303,0.836517508720558,2018,wint,01
0.6145735994151476,2.25,2,55.4920123078661,11.746708913104419,7,0.2592175288122454,0.2122175829515172,0.818685310071099,2018,wint,01
0.7360058956936426,1.7050000000000003,2,55.341566234653605,9.037524276376903,8,0.22284654608346954,0.25665190522406833,1.1516979272720549,2018,wint,01
0.7254404231933493,1.7675,2,56.59625437103927,8.698549099108135,9,0.330869381287791,0.2870993775148034,0.8677121358204001,2018,wint,01
0.8075332103682358,1.6699999999999997,3,56.379919799263476,9.928103158001553,0,0.2417965839090215,0.22125774826014352,0.9150573787402806,2018,spring,02
0.6466145031172742,1.2100000000000002,3,55.7643835649671,8.08998767067738,1,0.450399613490837,0.3032825694483154,0.6733632986443169,2018,spring,02
0.6095938224113765,1.6475000000000002,3,55.13466810225618,14.86338662450099,2,0.38158805388851647,0.2769891326906693,0.7258852311230728,2018,spring,02
0.6788365570743256,1.2675,3,54.701770358247146,11.50293478205099,3,0.39436057465379865,0.3251842771736484,0.8245861733494055,2018,spring,02
0.7749623074768275,1.97,3,57.222227267476164,9.953176248307027,4,0.2506951657345098,0.22646382944110338,0.9033434241844625,2018,spring,02
0.7459425978623493,1.97,3,55.25934079410755,10.423187417597111,5,0.30120098028823683,0.22812945799647175,0.7573994539398953,2018,spring,02
0.7602904560191688,1.085,3,56.53445964228552,11.100269888034292,6,0.44851001953712455,0.4250176443270181,0.9476212923083608,2018,spring,02
0.6598726749976671,2.1575,3,55.4920123078661,11.746708913104419,7,0.27688218216391364,0.21354763568489635,0.7712581359188965,2018,spring,02
0.8119106946505803,1.5349999999999997,3,55.341566234653605,9.037524276376903,8,0.25165623755338135,0.20462519491599696,0.8131139402916323,2018,spring,02
0.7744316416016599,1.6250000000000002,3,56.59625437103927,8.698549099108135,9,0.29987837374100573,0.2518212919822909,0.8397447566518418,2018,spring,02
0.8260602027887021,1.5724999999999998,4,56.379919799263476,9.928103158001553,0,0.2120477365671035,0.10395576126315981,0.49024697431874037,2018,spring,02
0.6514465536471119,1.3225000000000002,4,55.7643835649671,8.08998767067738,1,0.40308102963442205,0.19137270196492157,0.47477476709456845,2018,spring,02
0.5365110229621881,1.7675,4,55.13466810225618,14.86338662450099,2,0.4938723199955201,0.1719537918885886,0.3481745887077623,2018,spring,02
0.6754485127897631,1.3350000000000002,4,54.701770358247146,11.50293478205099,3,0.41037159872338114,0.2080339622397904,0.5069404483325848,2018,spring,02
0.7663454744525171,2.0575,4,57.222227267476164,9.953176248307027,4,0.23992122086967288,0.10526694739008928,0.43875630095793455,2018,spring,02
0.6913859200035875,2.0625000000000004,4,55.25934079410755,10.423187417597111,5,0.2785543281274395,0.1220651946771478,0.43820965015234864,2018,spring,02
0.7366314183629423,1.1375,4,56.53445964228552,11.100269888034292,6,0.47520621765708554,0.23431509867497724,0.49308087724572197,2018,spring,02
0.6452863121867733,2.2575,4,55.4920123078661,11.746708913104419,7,0.28774426229655775,0.10195558646913493,0.35432708772505944,2018,spring,02
0.8257860292476362,1.4274999999999998,4,55.341566234653605,9.037524276376903,8,0.1961934450617362,0.12505210528580843,0.6373918621310629,2018,spring,02
0.7792991947714929,1.5950000000000002,4,56.59625437103927,8.698549099108135,9,0.26081992958573635,0.13977017943196507,0.5358876511237612,2018,spring,02
0.8087463615033166,1.2949999999999997,5,56.379919799263476,9.928103158001553,0,0.10246214302433422,0.16894258987990438,1.6488293616870906,2018,spring,03
0.6043413011166423,1.5550000000000002,5,55.7643835649671,8.08998767067738,1,0.28397697900722046,0.2861282977486782,1.0075756800744156,2018,spring,03
0.5376179372104302,2.1500000000000004,5,55.13466810225618,14.86338662450099,2,0.3055888439625411,0.1570019583683177,0.5137686190781326,2018,spring,03
0.6127138026504546,1.5900000000000003,5,54.701770358247146,11.50293478205099,3,0.3024380976412123,0.20407638010861218,0.6747707438323846,2018,spring,03
0.7897124244723732,1.5700000000000003,5,57.222227267476164,9.953176248307027,4,0.1071033368350076,0.1602997551932413,1.4966831093244335,2018,spring,03
0.6013552941154898,2.1050000000000004,5,55.25934079410755,10.423187417597111,5,0.1824795085055341,0.16728389037121102,0.9167269889163351,2018,spring,03
0.6980218811161942,1.2900000000000003,5,56.53445964228552,11.100269888034292,6,0.2822949443303382,0.31154699382876505,1.1036222932288735,2018,spring,03
0.574190484400795,2.1300000000000003,5,55.4920123078661,11.746708913104419,7,0.16348184796692547,0.12300416303631428,0.7524025729217328,2018,spring,03
0.8004518337296109,1.3174999999999997,5,55.341566234653605,9.037524276376903,8,0.12495800488348967,0.1656929851134038,1.3259893615290614,2018,spring,03
0.7546058359039174,1.5225000000000002,5,56.59625437103927,8.698549099108135,9,0.15121028707261516,0.23769444744026402,1.5719462745687196,2018,spring,03
0.793955381888845,1.5300000000000002,6,56.379919799263476,9.928103158001553,0,0.1706618998982529,0.1292883054661104,0.7575698239805776,2018,summ,03
0.6749846854561636,1.07,6,55.7643835649671,8.08998767067738,1,0.3614368713474047,0.1870318504868175,0.5174675449950065,2018,summ,03
0.5386935583878774,1.92,6,55.13466810225618,14.86338662450099,2,0.2781309909446518,0.10614747985577198,0.3816456393271736,2018,summ,03
0.6519071796221809,1.4400000000000002,6,54.701770358247146,11.50293478205099,3,0.27095349130664115,0.1682932093062918,0.6211147473860467,2018,summ,03
0.7620803096152957,1.8775000000000002,6,57.222227267476164,9.953176248307027,4,0.1711140765307596,0.14486907197913473,0.8466227613547209,2018,summ,03
0.7104646358353242,1.8900000000000003,6,55.25934079410755,10.423187417597111,5,0.19662544116984837,0.11905722685208259,0.6055026559316856,2018,summ,03
0.7508050405577589,1.12,6,56.53445964228552,11.100269888034292,6,0.3393727045561727,0.19387188064304964,0.5712653906465248,2018,summ,03
0.6440997077441513,2.0425000000000004,6,55.4920123078661,11.746708913104419,7,0.16618452238276787,0.07739210677307957,0.4656998477561264,2018,summ,03
0.8000019577327806,1.4949999999999997,6,55.341566234653605,9.037524276376903,8,0.16569244447752035,0.11836553220410037,0.71436891752876,2018,summ,03
0.7692875808802151,1.6025000000000003,6,56.59625437103927,8.698549099108135,9,0.25051779321032946,0.1844109561304245,0.7361191944382047,2018,summ,03
0.916788851310337,0.9949999999999998,7,56.379919799263476,9.928103158001553,0,0.1082229210706301,0.15207124711660186,1.4051667208035792,2018,summ,04
0.6681558051820335,1.155,7,55.7643835649671,8.08998767067738,1,0.23970462194409017,0.24574518807441945,1.025200040288494,2018,summ,04
0.49463668006223843,2.015,7,55.13466810225618,14.86338662450099,2,0.2161593997733404,0.17374232624284122,0.8037694702382746,2018,summ,04
0.7120818681857162,1.2400000000000002,7,54.701770358247146,11.50293478205099,3,0.19718707467914928,0.21523914192784033,1.0915479236053593,2018,summ,04
0.8680603099424307,1.3899999999999997,7,57.222227267476164,9.953176248307027,4,0.13011017402750838,0.1652887629237565,1.270375388851686,2018,summ,04
0.7538846280757601,1.5625000000000002,7,55.25934079410755,10.423187417597111,5,0.12896970323841303,0.1584853012839936,1.2288568346243158,2018,summ,04
0.7497741414854038,1.12,7,56.53445964228552,11.100269888034292,6,0.21158348421324957,0.35894914909481385,1.696489451572875,2018,summ,04
0.6476893966485777,1.7175000000000002,7,55.4920123078661,11.746708913104419,7,0.10372205464651196,0.13221986945595907,1.2747517382544007,2018,summ,04
0.8947610525660972,1.045,7,55.341566234653605,9.037524276376903,8,0.102221215567785,0.13445748482333786,1.3153579134869153,2018,summ,04
0.8290858823287333,1.3499999999999996,7,56.59625437103927,8.698549099108135,9,0.175884687268241,0.2022552391969922,1.1499309140455962,2018,summ,04
0.748326661295583,1.5925000000000002,8,56.379919799263476,9.928103158001553,0,0.16640217357728562,0.25321427659425794,1.5217005352195858,2018,summ,04
0.6564809992391991,1.3100000000000003,8,55.7643835649671,8.08998767067738,1,0.32300821521683615,0.39905402498106224,1.2354299555916135,2018,summ,04
0.5214954210313409,1.9625,8,55.13466810225618,14.86338662450099,2,0.3242515722659154,0.2703966761708836,0.833910146622617,2018,summ,04
0.6636846493232762,1.4075000000000002,8,54.701770358247146,11.50293478205099,3,0.27851576571530334,0.33097471861868555,1.1883518255013445,2018,summ,04
0.7337204988087769,1.8900000000000003,8,57.222227267476164,9.953176248307027,4,0.18581496865044714,0.30376363998081807,1.6347640999377964,2018,summ,04
0.6773930941077475,1.8975000000000002,8,55.25934079410755,10.423187417597111,5,0.19918842971141534,0.2563415003232906,1.2869296710390195,2018,summ,04
0.7440721577267799,1.2075,8,56.53445964228552,11.100269888034292,6,0.3958472904710586,0.539252474309245,1.3622740063915406,2018,summ,04
0.6118111015987899,2.075,8,55.4920123078661,11.746708913104419,7,0.1926415324054696,0.21783935942059346,1.1308016329629675,2018,summ,04
0.7595080456966374,1.4675,8,55.341566234653605,9.037524276376903,8,0.14418825880073946,0.21793276538330345,1.5114459887089349,2018,summ,04
0.7460530762742603,1.5850000000000002,8,56.59625437103927,8.698549099108135,9,0.22223690111992808,0.3508441748454401,1.5786945060762447,2018,summ,04
0.6742699559900925,2.0875000000000004,9,56.379919799263476,9.928103158001553,0,0.32034195722852943,0.25872456449048553,0.8076511947696987,2018,autum,05
0.6442357298368385,1.025,9,55.7643835649671,8.08998767067738,1,0.5389760411135266,0.36511601715047,0.6774253200497352,2018,autum,05
0.5759896866138471,1.7125000000000004,9,55.13466810225618,14.86338662450099,2,0.4314958933146312,0.3071497056768358,0.7118253277392685,2018,autum,05
0.6424923319169372,1.4475,9,54.701770358247146,11.50293478205099,3,0.44878705651443657,0.3702182835403563,0.8249308400641165,2018,autum,05
0.6701382697334639,2.4200000000000004,9,57.222227267476164,9.953176248307027,4,0.38766932139308435,0.2848172182920819,0.7346911467448473,2018,autum,05
0.633220393986538,2.2675,9,55.25934079410755,10.423187417597111,5,0.3550269154659274,0.27484077336722096,0.7741406676350936,2018,autum,05
0.7356311661177157,1.1025,9,56.53445964228552,11.100269888034292,6,0.6040564945663375,0.5447105887680487,0.9017543783865875,2018,autum,05
0.5784410230084086,2.4225000000000003,9,55.4920123078661,11.746708913104419,7,0.34537380385807687,0.2382398169032337,0.6898027998705214,2018,autum,05
0.6656587277737372,1.9150000000000003,9,55.341566234653605,9.037524276376903,8,0.28080577347949537,0.2253771332652068,0.8026086161710062,2018,autum,05
0.6856368512849866,1.8950000000000002,9,56.59625437103927,8.698549099108135,9,0.43346485002171375,0.33650513691653783,0.7763147044095527,2018,autum,05
0.6795272754259438,2.0525,10,56.379919799263476,9.928103158001553,0,0.323724523399431,0.193452060294879,0.5975823464451783,2018,autum,05
0.5834066288698392,1.145,10,55.7643835649671,8.08998767067738,1,0.5713766893807485,0.2652123633356821,0.46416377893035193,2018,autum,05
0.5786283961408892,1.6300000000000003,10,55.13466810225618,14.86338662450099,2,0.48673006378931616,0.21189783871654666,0.4353498057359938,2018,autum,05
0.650264359198646,1.3450000000000002,10,54.701770358247146,11.50293478205099,3,0.4933345613220407,0.28795426793680545,0.5836896307551289,2018,autum,05
0.6686690723253637,2.375,10,57.222227267476164,9.953176248307027,4,0.3646289910434118,0.18832906382914352,0.5164950359274135,2018,autum,05
0.6370995178336473,2.275,10,55.25934079410755,10.423187417597111,5,0.37726983739911707,0.22101697450487606,0.5858326126163652,2018,autum,05
0.7334392942778494,1.02,10,56.53445964228552,11.100269888034292,6,0.6126776875394504,0.44818462565129286,0.7315177862135451,2018,autum,05
0.582146575036073,2.4175,10,55.4920123078661,11.746708913104419,7,0.374055138734259,0.16284719875886292,0.43535613308217347,2018,autum,05
0.6684128967418754,1.9274999999999998,10,55.341566234653605,9.037524276376903,8,0.28869034328412646,0.18597484437058426,0.6442018193436747,2018,autum,05
0.6748011442464696,1.9025000000000003,10,56.59625437103927,8.698549099108135,9,0.4252371431630642,0.2351568697373814,0.5530017156737567,2018,autum,05
0.695540994992158,1.8950000000000002,11,56.379919799263476,9.928103158001553,0,0.23423134987805447,0.24392715329701084,1.0413941320152242,2018,autum,06
0.5177208088771489,1.5125000000000002,11,55.7643835649671,8.08998767067738,1,0.5008404031318516,0.26841221807659693,0.5359236523215052,2018,autum,06
0.5810106152726178,1.8250000000000002,11,55.13466810225618,14.86338662450099,2,0.33368808671894534,0.26817587254857933,0.8036723012363793,2018,autum,06
0.6508102307150638,1.4200000000000004,11,54.701770358247146,11.50293478205099,3,0.3832489792612642,0.39115140305688484,1.020619556015134,2018,autum,06
0.666061836179815,2.2250000000000005,11,57.222227267476164,9.953176248307027,4,0.2424516008941991,0.25835098594767675,1.0655775626757598,2018,autum,06
0.6450733022118618,2.1375,11,55.25934079410755,10.423187417597111,5,0.29795133530566414,0.27012051540343396,0.9065927330928759,2018,autum,06
0.7558291767690171,1.095,11,56.53445964228552,11.100269888034292,6,0.4838011148567781,0.557479043326826,1.1522897037801558,2018,autum,06
0.567422259628314,2.3525,11,55.4920123078661,11.746708913104419,7,0.26592923181671113,0.2136119077567428,0.8032659903442751,2018,autum,06
0.6813480275145042,1.8150000000000002,11,55.341566234653605,9.037524276376903,8,0.23181752130268826,0.22285545533395001,0.9613399974325654,2018,autum,06
0.6556666890031322,1.9425,11,56.59625437103927,8.698549099108135,9,0.3096432661143219,0.2869551410614388,0.9267281819572769,2018,autum,06
0.7029879026614161,1.9925,12,56.379919799263476,9.928103158001553,0,0.2909737812854031,0.2973915222472717,1.0220560798760552,2018,wint,06
0.4898602954590065,1.5675000000000001,12,55.7643835649671,8.08998767067738,1,0.5556032798177227,0.4789690842013536,0.8620702965585254,2018,wint,06
0.5505387646733396,1.8300000000000003,12,55.13466810225618,14.86338662450099,2,0.45902347969729507,0.44997740174658923,0.9802927772743318,2018,wint,06
0.6497583196355592,1.4600000000000002,12,54.701770358247146,11.50293478205099,3,0.5218154541850426,0.4865692727899881,0.932454700004811,2018,wint,06
0.6940626141674628,2.265,12,57.222227267476164,9.953176248307027,4,0.3137468554057909,0.320547075510638,1.0216742255346334,2018,wint,06
0.6340900422647653,2.3375,12,55.25934079410755,10.423187417597111,5,0.3733610390979836,0.37121982789086483,0.9942650384402941,2018,wint,06
0.7418682799831244,1.1300000000000001,12,56.53445964228552,11.100269888034292,6,0.617285488655126,0.5490225881738187,0.8894143767577769,2018,wint,06
0.5635575853819117,2.495,12,55.4920123078661,11.746708913104419,7,0.3525360212726907,0.35328154963491587,1.0021147579743306,2018,wint,06
0.6777918954676592,1.9000000000000004,12,55.341566234653605,9.037524276376903,8,0.27985672103017245,0.2852193333902878,1.019161992395163,2018,wint,06
0.6666040454160076,1.9574999999999998,12,56.59625437103927,8.698549099108135,9,0.36899183864417606,0.34788827720464327,0.9428075116320302,2018,wint,06
0.7279562046973149,1.9274999999999998,1,56.379919799263476,9.928103158001553,0,0.32274845914242933,0.2597765421725634,0.8048885589192656,2019,wint,01
0.5288587638118207,1.12,1,55.7643835649671,8.08998767067738,1,0.5614264051917418,0.2708227555560641,0.4823833596917677,2019,wint,01
0.5790777933152728,1.7600000000000002,1,55.13466810225618,14.86338662450099,2,0.4600082348387956,0.31959543443831623,0.6947602460862785,2019,wint,01
0.6800338998356854,1.145,1,54.701770358247146,11.50293478205099,3,0.5051172448965222,0.37230428802480175,0.7370650908999783,2019,wint,01
0.6976560558951432,2.2075000000000005,1,57.222227267476164,9.953176248307027,4,0.33027529500276337,0.27677497830313336,0.838012962189066,2019,wint,01
0.6686803567344759,2.1425000000000005,1,55.25934079410755,10.423187417597111,5,0.39480376011375895,0.2753352965614066,0.6973978578169351,2019,wint,01
0.7138601617534284,1.05,1,56.53445964228552,11.100269888034292,6,0.5712189443685478,0.5282649766009142,0.9248029705752898,2019,wint,01
0.6057339794975634,2.31,1,55.4920123078661,11.746708913104419,7,0.36474622728392453,0.21862747176822003,0.5993961154752034,2019,wint,01
0.7219987650833908,1.8175000000000001,1,55.341566234653605,9.037524276376903,8,0.3130963733033624,0.2436702905417654,0.778259703141533,2019,wint,01
0.717088626547238,1.7450000000000003,1,56.59625437103927,8.698549099108135,9,0.4005499629186009,0.3047330196834162,0.7607865382460254,2019,wint,01
0.6952328029647283,2.0050000000000003,2,56.379919799263476,9.928103158001553,0,0.31473263558157155,0.3314329390205499,1.0530618739557118,2019,wint,01
0.5078188302434539,1.4725000000000001,2,55.7643835649671,8.08998767067738,1,0.5278873069757372,0.39312767397070153,0.7447189367422515,2019,wint,01
0.5470609368407917,1.9175000000000002,2,55.13466810225618,14.86338662450099,2,0.5525175561632137,0.3481624760272139,0.6301383044638796,2019,wint,01
0.6348606259840515,1.4675,2,54.701770358247146,11.50293478205099,3,0.5136877414674779,0.45755184763919443,0.8907198103113826,2019,wint,01
0.6688136088151263,2.365,2,57.222227267476164,9.953176248307027,4,0.35422390446725854,0.31837100913815125,0.8987846532180573,2019,wint,01
0.6406070570745148,2.2800000000000002,2,55.25934079410755,10.423187417597111,5,0.37493992727607484,0.37063925340387566,0.9885296988681802,2019,wint,01
0.7056295966396446,1.2175,2,56.53445964228552,11.100269888034292,6,0.626860033643246,0.5361598762999964,0.8553103524304945,2019,wint,01
0.5619028408692497,2.4525,2,55.4920123078661,11.746708913104419,7,0.36246325877371105,0.307996372009008,0.8497312887684784,2019,wint,01
0.7177525469761472,1.7800000000000002,2,55.341566234653605,9.037524276376903,8,0.2823784743869058,0.3566173215994841,1.262905475970731,2019,wint,01
0.6712754494633885,1.8925000000000003,2,56.59625437103927,8.698549099108135,9,0.38796803868785834,0.4029088584609409,1.0385104397352258,2019,wint,01
0.7650344403751399,1.9224999999999999,3,56.379919799263476,9.928103158001553,0,0.35194272986316055,0.16432542365848987,0.4669095557745475,2019,spring,02
0.5729007904892175,1.1325,3,55.7643835649671,8.08998767067738,1,0.6325451980752541,0.20518151726933395,0.3243744761539134,2019,spring,02
0.5514761590454001,1.7250000000000003,3,55.13466810225618,14.86338662450099,2,0.5943432583982036,0.25947407159262265,0.43657275139609275,2019,spring,02
0.6577141452533877,1.1975,3,54.701770358247146,11.50293478205099,3,0.5997872502531858,0.27072282479025916,0.45136475421239786,2019,spring,02
0.7416118348769396,2.2350000000000003,3,57.222227267476164,9.953176248307027,4,0.35269282017497505,0.1641816380601767,0.46550887534008845,2019,spring,02
0.6728754110436941,2.2725,3,55.25934079410755,10.423187417597111,5,0.4702793734854972,0.18716116421857754,0.3979786798460327,2019,spring,02
0.7009795985982001,1.1825,3,56.53445964228552,11.100269888034292,6,0.6421337848490057,0.33870772178428427,0.5274722024849222,2019,spring,02
0.6114272315674139,2.455,3,55.4920123078661,11.746708913104419,7,0.4491628385933054,0.1517227152857275,0.33779000008303195,2019,spring,02
0.7589682866251373,1.8125000000000002,3,55.341566234653605,9.037524276376903,8,0.3827952284226567,0.16921913020644017,0.4420617542797577,2019,spring,02
0.7455192315562347,1.8025000000000002,3,56.59625437103927,8.698549099108135,9,0.44314719095589633,0.1946645975141197,0.43927751656106845,2019,spring,02
0.8087582132571023,1.4874999999999996,4,56.379919799263476,9.928103158001553,0,0.16196127140128347,0.24008028967862352,1.482331470983507,2019,spring,02
0.602706564676668,1.495,4,55.7643835649671,8.08998767067738,1,0.30570375841884817,0.3475629260976082,1.1369272261985353,2019,spring,02
0.5702655804138625,1.9374999999999998,4,55.13466810225618,14.86338662450099,2,0.42046695990904165,0.2267166950563972,0.539202164910751,2019,spring,02
0.6681228229704838,1.4425000000000001,4,54.701770358247146,11.50293478205099,3,0.3469894799049294,0.3206769316681251,0.9241690317412113,2019,spring,02
0.7893868250753666,1.7250000000000003,4,57.222227267476164,9.953176248307027,4,0.16713808087499984,0.2549767144706902,1.525545304432349,2019,spring,02
0.6716750800267117,2.0200000000000005,4,55.25934079410755,10.423187417597111,5,0.2380806264447699,0.23600286743457202,0.9912728765829256,2019,spring,02
0.7386177960043483,1.125,4,56.53445964228552,11.100269888034292,6,0.377307683812456,0.42263283615501446,1.1201278274658402,2019,spring,02
0.6231763526096997,2.1525000000000003,4,55.4920123078661,11.746708913104419,7,0.21511983977847135,0.19287210188659348,0.8965797951746878,2019,spring,02
0.8129177009823725,1.3349999999999997,4,55.341566234653605,9.037524276376903,8,0.16565270991705974,0.23215667110917818,1.401466183230061,2019,spring,02
0.7959214324099346,1.4325000000000003,4,56.59625437103927,8.698549099108135,9,0.19599690857926036,0.3294367893289816,1.680826456483413,2019,spring,02
0.8128282817270955,1.6099999999999997,5,56.379919799263476,9.928103158001553,0,0.2350547096181857,0.15809154354239638,0.6725733928037201,2019,spring,03
0.6763510594234112,1.2600000000000002,5,55.7643835649671,8.08998767067738,1,0.4377816560563231,0.23843620264775997,0.5446463992933587,2019,spring,03
0.5131418208021344,1.9849999999999999,5,55.13466810225618,14.86338662450099,2,0.4344038643110269,0.1681336374480946,0.3870445252938941,2019,spring,03
0.6845758130213297,1.3925000000000003,5,54.701770358247146,11.50293478205099,3,0.39706100434774666,0.2077749681213356,0.523282230806443,2019,spring,03
0.8031705939845668,1.9174999999999998,5,57.222227267476164,9.953176248307027,4,0.2536364176373104,0.16617982321028366,0.6551891276429946,2019,spring,03
0.7155940591188867,1.9974999999999998,5,55.25934079410755,10.423187417597111,5,0.2746379985501199,0.15190545514914539,0.5531115721462101,2019,spring,03
0.7592156749223924,1.205,5,56.53445964228552,11.100269888034292,6,0.4534559975061505,0.3431269533154945,0.7566929430916622,2019,spring,03
0.6488674819584295,2.1800000000000006,5,55.4920123078661,11.746708913104419,7,0.2578116388094102,0.12448234590649879,0.4828422272996123,2019,spring,03
0.8534769372675577,1.3524999999999998,5,55.341566234653605,9.037524276376903,8,0.21315825352299278,0.14283984394293847,0.6701117201991466,2019,spring,03
0.7980401623219111,1.6000000000000003,5,56.59625437103927,8.698549099108135,9,0.3305163867756963,0.19877946517635553,0.6014209071916803,2019,spring,03
0.806439007339091,1.4324999999999999,6,56.379919799263476,9.928103158001553,0,0.15641296977521038,0.1671260983675965,1.0684925847759463,2019,summ,03
0.6377539990343234,1.4225000000000003,6,55.7643835649671,8.08998767067738,1,0.3268084858259372,0.28398303486065674,0.8689585710816277,2019,summ,03
0.4652275385114367,2.1000000000000005,6,55.13466810225618,14.86338662450099,2,0.38035334880773236,0.20364551438610842,0.5354113879224729,2019,summ,03
0.6468786306207771,1.5025000000000002,6,54.701770358247146,11.50293478205099,3,0.278968320099854,0.2571971962723725,0.9219584366436706,2019,summ,03
0.7147279520924461,2.0025000000000004,6,57.222227267476164,9.953176248307027,4,0.19370988795312688,0.1690463674859192,0.8726780510390071,2019,summ,03
0.6788218288517931,1.8925000000000003,6,55.25934079410755,10.423187417597111,5,0.19034903506393458,0.17734015842630968,0.9316577747123569,2019,summ,03
0.7286227249983828,1.2850000000000001,6,56.53445964228552,11.100269888034292,6,0.3894576647077111,0.3309185806852136,0.8496907640361085,2019,summ,03
0.5992797136297232,2.115,6,55.4920123078661,11.746708913104419,7,0.18706036143164387,0.15373021509071488,0.8218214372845175,2019,summ,03
0.8313070466433006,1.2274999999999998,6,55.341566234653605,9.037524276376903,8,0.13575629611843582,0.16558427914097315,1.219717124548794,2019,summ,03
0.7413613556121292,1.6275000000000002,6,56.59625437103927,8.698549099108135,9,0.22031066286760478,0.20589878209345036,0.9345838254646113,2019,summ,03
0.7654676417180057,1.6250000000000002,7,56.379919799263476,9.928103158001553,0,0.17733226735291172,0.1366102240950761,0.7703630373326584,2019,summ,04
0.6431625901548457,1.3250000000000002,7,55.7643835649671,8.08998767067738,1,0.3844860209361491,0.24972670871446975,0.6495079017604685,2019,summ,04
0.5104888323455471,2.0025000000000004,7,55.13466810225618,14.86338662450099,2,0.3935320562373116,0.1124918753362812,0.2858518729372462,2019,summ,04
0.6491353394120499,1.4375000000000002,7,54.701770358247146,11.50293478205099,3,0.3435897918107204,0.16741235053607875,0.48724483243176286,2019,summ,04
0.7210691873454398,1.9175000000000002,7,57.222227267476164,9.953176248307027,4,0.1946532686153836,0.14234754933921834,0.7312877423110916,2019,summ,04
0.6621437360799178,2.0500000000000003,7,55.25934079410755,10.423187417597111,5,0.23024026238751297,0.1389055356770336,0.6033068857576455,2019,summ,04
0.7545899700591823,1.0825,7,56.53445964228552,11.100269888034292,6,0.3580143153146821,0.27505208232426026,0.7682711851410162,2019,summ,04
0.6236252552714978,2.1650000000000005,7,55.4920123078661,11.746708913104419,7,0.2177351985195366,0.10690970090146985,0.49100789228562525,2019,summ,04
0.7498552066897535,1.6100000000000003,7,55.341566234653605,9.037524276376903,8,0.18068496265170544,0.13658467298952645,0.7559271728262842,2019,summ,04
0.7217962377558202,1.7175000000000002,7,56.59625437103927,8.698549099108135,9,0.2367576849296519,0.18669474887926488,0.7885477885743718,2019,summ,04
0.7273461782464063,1.6250000000000002,8,56.379919799263476,9.928103158001553,0,0.15543136148176726,0.23029062616076576,1.4816226530176781,2019,summ,04
0.6550129507948286,1.2850000000000001,8,55.7643835649671,8.08998767067738,1,0.3293005725813833,0.37313626901342095,1.1331175833932208,2019,summ,04
0.4832839821604828,2.0200000000000005,8,55.13466810225618,14.86338662450099,2,0.23825958914800965,0.286577569608522,1.2027955333646472,2019,summ,04
0.6345063300351952,1.495,8,54.701770358247146,11.50293478205099,3,0.23117594239308542,0.3666272293751358,1.5859229363569876,2019,summ,04
0.6631242969059743,2.0725000000000002,8,57.222227267476164,9.953176248307027,4,0.18441815766118408,0.26502259933029443,1.437074324412231,2019,summ,04
0.6516160612018206,1.9324999999999999,8,55.25934079410755,10.423187417597111,5,0.1845446355128084,0.25405970332359207,1.3766843052230524,2019,summ,04
0.665891884472295,1.3850000000000002,8,56.53445964228552,11.100269888034292,6,0.3542264952339388,0.5180792074526448,1.4625648121281671,2019,summ,04
0.5938924313113688,2.0375,8,55.4920123078661,11.746708913104419,7,0.1628511122372269,0.22402280251124013,1.375629551641648,2019,summ,04
0.7726211215097731,1.4225000000000003,8,55.341566234653605,9.037524276376903,8,0.1431152304994345,0.1960621110469712,1.3699597894840823,2019,summ,04
0.7035421056011741,1.6975000000000002,8,56.59625437103927,8.698549099108135,9,0.22245776089334787,0.2980328326877457,1.339727737485547,2019,summ,04
0.6980083792407317,1.9625,9,56.379919799263476,9.928103158001553,0,0.27745391735601205,0.16039990218000283,0.5781136691401888,2019,autum,05
0.6491081629694353,1.195,9,55.7643835649671,8.08998767067738,1,0.49850298851791125,0.3089568364463417,0.6197692763385326,2019,autum,05
0.5637862969436687,1.8150000000000002,9,55.13466810225618,14.86338662450099,2,0.47265810507353617,0.23312880104906997,0.49322924656671185,2019,autum,05
0.6618295883688299,1.4175000000000002,9,54.701770358247146,11.50293478205099,3,0.4763149507203126,0.313026266382226,0.6571833739605456,2019,autum,05
0.6930885176671029,2.2250000000000005,9,57.222227267476164,9.953176248307027,4,0.3224848154049511,0.15841744643130085,0.4912400177117569,2019,autum,05
0.6528754861239894,2.2475,9,55.25934079410755,10.423187417597111,5,0.3365954366371268,0.21338296458076486,0.6339449123631657,2019,autum,05
0.7515887029795854,1.115,9,56.53445964228552,11.100269888034292,6,0.5635494758910818,0.3996060414089637,0.7090877704696796,2019,autum,05
0.5972354254316647,2.41,9,55.4920123078661,11.746708913104419,7,0.3383728461797697,0.17690840294309976,0.5228209205921694,2019,autum,05
0.681726397424796,1.8575000000000002,9,55.341566234653605,9.037524276376903,8,0.244199336505215,0.17029596473308103,0.6973645676938368,2019,autum,05
0.6887776342617719,1.8825000000000003,9,56.59625437103927,8.698549099108135,9,0.36585082270126534,0.2009168734234571,0.5491770441842503,2019,autum,05
0.7074260458681245,1.7975,10,56.379919799263476,9.928103158001553,0,0.1896629904823876,0.1756062559496188,0.9258857276423987,2019,autum,05
0.650173126994984,1.3550000000000002,10,55.7643835649671,8.08998767067738,1,0.411784024304655,0.3214692137880403,0.7806743215229834,2019,autum,05
0.5521655264196503,1.7975,10,55.13466810225618,14.86338662450099,2,0.3971918604626857,0.24811552781738958,0.6246742506967835,2019,autum,05
0.663259070564432,1.3725000000000003,10,54.701770358247146,11.50293478205099,3,0.4054227359229082,0.28040375398668155,0.6916330268167319,2019,autum,05
0.670878795266199,2.0900000000000003,10,57.222227267476164,9.953176248307027,4,0.20185760924962912,0.16961842969447474,0.8402875191329275,2019,autum,05
0.635859923265678,2.1275000000000004,10,55.25934079410755,10.423187417597111,5,0.2937406536237526,0.20554417229073946,0.6997471060101115,2019,autum,05
0.7275682970229529,1.2700000000000002,10,56.53445964228552,11.100269888034292,6,0.45446935723460824,0.47443139196889084,1.0439238298831612,2019,autum,05
0.573720838746355,2.2825,10,55.4920123078661,11.746708913104419,7,0.28402227213746745,0.17751080417123524,0.624989029329783,2019,autum,05
0.6813363557866546,1.7450000000000003,10,55.341566234653605,9.037524276376903,8,0.21227895547773115,0.1512454937381675,0.7124846332402164,2019,autum,05
0.6794779886656619,1.8400000000000003,10,56.59625437103927,8.698549099108135,9,0.2514195164402706,0.20640373879794036,0.8209535270782188,2019,autum,05
0.7466495077504478,1.7225000000000004,11,56.379919799263476,9.928103158001553,0,0.19274462352186203,0.2840044522465633,1.4734753533311922,2019,autum,06
0.6799559907331283,1.3425000000000002,11,55.7643835649671,8.08998767067738,1,0.4018733633852542,0.4489143235754577,1.1170541879012466,2019,autum,06
0.591722238659842,1.7950000000000002,11,55.13466810225618,14.86338662450099,2,0.3800379503592767,0.3401276217257686,0.8949833073360752,2019,autum,06
0.6439639057488724,1.5250000000000001,11,54.701770358247146,11.50293478205099,3,0.3789547983821346,0.3809767219857668,1.0053355271189715,2019,autum,06
0.6983392726906461,2.0900000000000003,11,57.222227267476164,9.953176248307027,4,0.2042204245055782,0.286773314161322,1.404234247654739,2019,autum,06
0.6653531947345839,2.1450000000000005,11,55.25934079410755,10.423187417597111,5,0.26501699090039227,0.3242245216080227,1.2234103198684487,2019,autum,06
0.7866940468494541,1.105,11,56.53445964228552,11.100269888034292,6,0.48519127935582756,0.5565660291572587,1.1471064152187422,2019,autum,06
0.6144908990591476,2.3125,11,55.4920123078661,11.746708913104419,7,0.2569573487487906,0.27093845450334864,1.0544102195272351,2019,autum,06
0.7359504552490741,1.6125000000000003,11,55.341566234653605,9.037524276376903,8,0.16932030816305063,0.2699164454506959,1.5941173765805696,2019,autum,06
0.7157471229903698,1.7475000000000003,11,56.59625437103927,8.698549099108135,9,0.24012202445398156,0.33011005261272797,1.374759576358612,2019,autum,06
0.6858174005473772,2.0775,12,56.379919799263476,9.928103158001553,0,0.3507545657194306,0.32274845914242933,0.920154691302284,2019,wint,06
0.6458023512197261,1.0474999999999999,12,55.7643835649671,8.08998767067738,1,0.6041883660064383,0.5614264051917418,0.929224124096688,2019,wint,06
0.5961616724045254,1.5925000000000002,12,55.13466810225618,14.86338662450099,2,0.5151345706837488,0.4600082348387956,0.8929865340394786,2019,wint,06
0.6106842299434778,1.4775,12,54.701770358247146,11.50293478205099,3,0.5565980296417036,0.5051172448965222,0.907508144111971,2019,wint,06
0.6621381000375665,2.3850000000000002,12,57.222227267476164,9.953176248307027,4,0.37232158197475257,0.33027529500276337,0.8870699712088127,2019,wint,06
0.6518108230879581,2.2800000000000002,12,55.25934079410755,10.423187417597111,5,0.4305667394934047,0.39480376011375895,0.9169397538190626,2019,wint,06
0.7138610430581105,1.07,12,56.53445964228552,11.100269888034292,6,0.6498636586790084,0.5712189443685478,0.8789827477500075,2019,wint,06
0.5902501974244835,2.4475000000000002,12,55.4920123078661,11.746708913104419,7,0.4165611542924752,0.36474622728392453,0.8756126766151352,2019,wint,06
0.6820085980662198,1.9449999999999998,12,55.341566234653605,9.037524276376903,8,0.33598958176295507,0.3130963733033624,0.9318633383229599,2019,wint,06
0.6572823731968143,1.9674999999999998,12,56.59625437103927,8.698549099108135,9,0.43313725430301936,0.4005499629186009,0.9247645150337942,2019,wint,06
