postcode,lon,lat,lon_min,lon_max,lat_min,lat_max
1738,13.5539209,50.9308286,13.523792,13.5837789,50.920886,50.9486699
1762,13.5834367,50.8107286,13.5203991,13.6338427,50.7718307,50.847855
1920,14.2076629,51.2618271,13.9288431,14.2874099,51.17443,51.380762
1968,13.9693262,51.5050323,13.9032831,14.1423239,51.4717331,51.573652
1983,14.0015078,51.5976652,13.8662959,14.165439,51.5403778,51.6300599
2699,14.3424048,51.287854,14.254051,14.426262,51.2214121,51.355571
2763,14.7701227,50.9241386,14.6810239,14.8533641,50.820174,50.971356
2829,14.8909253,51.1752413,14.815096,15.042163,51.075015,51.3014031
2979,14.3908724,51.4960371,14.07376,14.5226399,51.410268,51.544505
3172,14.5690228,51.9475081,14.370589,14.7221171,51.813357,52.057667
3205,13.9005014,51.72805,13.7979749,14.050838,51.6115449,51.8396951
3222,13.9048905,51.8566755,13.827493,14.066596,51.7601251,51.901904
4349,12.4400854,51.3860452,12.4137251,12.476616,51.363855,51.4119231
4509,12.3029551,51.5233472,12.1488681,12.526459,51.4206869,51.610386
4519,12.3597817,51.4692784,12.2854509,12.4158448,51.415406,51.495846
4523,12.2513315,51.1775413,12.1733269,12.2958239,51.129761,51.259725
4539,12.3074017,51.1397388,12.219747,12.388047,51.090184,51.183374
4610,12.3730358,51.058484,12.2504139,12.4417181,51.015058,51.083979
4617,12.3549051,51.0180437,12.232199,12.507597,50.955764,51.084901
4626,12.3100885,50.8852891,12.2075751,12.410367,50.809462,50.9765549
4703,12.9217298,51.1681733,12.849179,13.0219749,51.127956,51.225129
4895,13.2279272,51.5923731,13.141428,13.335328,51.4480231,51.656009
4910,13.5104975,51.4633249,13.4449089,13.6039279,51.425841,51.515076
4936,13.4212133,51.7417083,13.2916751,13.5488129,51.65687,51.8199737
6179,11.8188107,51.4564641,11.696395,11.931894,51.390003,51.5189447
6279,11.6107713,51.4295844,11.524337,11.7198237,51.4041991,51.4607571
6295,11.6114453,51.5520026,11.451186,11.714055,51.4128229,51.601848
6308,11.4807018,51.570339,11.4107039,11.5922509,51.502918,51.623686
6317,11.6877173,51.4910585,11.551419,11.781087,51.422948,51.5706629
6333,11.4680169,51.662269,11.3398531,11.586593,51.606225,51.7346549
6347,11.6557504,51.6222314,11.55463,11.763659,51.5786561,51.663813
6366,11.9707612,51.7397951,11.933733,12.0189418,51.713335,51.7897641
6369,12.0183022,51.713486,11.8439041,12.1776319,51.6417779,51.881223
6386,12.073529,51.7719717,11.947143,12.19916,51.7007541,51.842597
6408,11.6739573,51.786047,11.639344,11.880361,51.7176569,51.8330631
6420,11.7662138,51.6751631,11.6035501,11.865609,51.618602,51.742045
6425,11.6429669,51.730332,11.581352,11.731099,51.6555341,51.7673229
6449,11.4729835,51.7793089,11.3082129,11.6243361,51.690102,51.910726
6484,11.1357179,51.8120745,11.0107,11.2554151,51.740913,51.860822
6528,11.2355362,51.4505828,11.142342,11.4694292,51.395148,51.567614
6542,11.4314384,51.3995419,11.3211058,11.5049639,51.33927,51.5365209
6547,NA,NA,NA,NA,NA,NA
6667,11.9452512,51.2095819,11.8402238,12.03711,51.096047,51.2770919
6712,12.1518572,51.0184289,12.0082151,12.2627741,50.9451278,51.0913246
6724,12.2513605,50.9893807,12.189647,12.2941219,50.9379689,51.0416079
6766,12.235267,51.6694163,12.1785,12.297786,51.6343069,51.7053001
6869,12.4305467,51.9381058,12.3053799,12.6041219,51.846912,52.0084561
6886,12.5926233,51.8669396,12.4805059,12.7332598,51.8270701,51.9195419
6896,NA,NA,NA,NA,NA,NA
7580,12.218692,50.8421949,12.134212,12.2899061,50.746266,50.941764
7751,11.5142304,50.8724533,11.4382858,11.725938,50.808005,50.989117
8233,12.313432,50.5371205,12.248466,12.366387,50.4993689,50.576578
9111,12.9239317,50.8365233,12.913408,12.9380171,50.8233391,50.8483561
9306,12.7905483,51.0447384,12.711088,12.987078,50.943669,51.10826
9322,12.6975126,50.938449,12.6151829,12.768537,50.901311,51.006813
9328,12.7485375,50.9698829,12.6912071,12.8097412,50.939819,50.9903059
9356,12.6236053,50.7932394,12.5841239,12.667266,50.765749,50.8249569
9385,12.75258,50.7578935,12.713006,12.793958,50.7275621,50.790013
9599,13.3291918,50.9093863,13.2661861,13.3989229,50.8750791,50.959695
9600,13.2636883,50.8957652,13.1986441,13.304099,50.872044,50.968469
9638,13.4115711,50.8362262,13.3254008,13.467636,50.801642,50.860732
9648,12.9761119,50.970958,12.8638039,13.120739,50.9442721,51.061359
9669,13.0685643,50.918104,12.987814,13.165908,50.8743249,50.9648441
14641,12.8120193,52.631423,12.6222961,13.018876,52.4997479,52.7253649
14669,12.8314751,52.5098925,12.73405,12.935858,52.450301,52.561699
14776,12.5608112,52.3877144,12.3959689,12.705297,52.312211,52.4595398
14789,12.3394926,52.3680851,12.2730109,12.4247341,52.302773,52.454358
14797,12.676828,52.3427055,12.4995171,12.8265808,52.237893,52.396592
14823,12.6586477,52.0425449,12.5362259,12.7814889,51.9814509,52.143441
14913,13.0987395,51.9506638,12.7697871,13.4209821,51.818752,52.095883
14959,13.1885029,52.2317821,13.079117,13.3295371,52.151252,52.263806
15306,14.3604171,52.494295,14.2194701,14.520881,52.402917,52.617361
15326,14.4659701,52.4267651,14.3140041,14.611526,52.371117,52.503229
15345,13.9108692,52.6251837,13.6686581,14.1265099,52.4659199,52.7151661
15374,14.1338739,52.5111896,13.9551988,14.2585791,52.446516,52.5994281
15518,14.2368875,52.3789815,13.9501121,14.405355,52.276613,52.4989339
15848,14.1489598,52.1511093,14.0057899,14.4702789,52.011181,52.331807
15864,14.028882,52.2036123,13.9328691,14.1038431,52.167724,52.26073
15926,13.7504463,51.8535998,13.4743141,13.8649271,51.726769,51.929246
15936,13.4237779,51.8704195,13.2968002,13.5813749,51.7933346,51.9344501
16230,13.8799329,52.9017532,13.6538761,14.0271601,52.6937259,52.969123
16259,14.015775,52.798072,13.731082,14.331242,52.665885,52.894708
16269,14.0917107,52.7015681,13.972318,14.2569621,52.639337,52.78304
16278,13.9842648,53.0425866,13.7873781,14.2056601,52.9329629,53.1596611
16303,14.2862796,53.0718571,14.1302471,14.3821289,52.986645,53.186524
16306,14.1713939,53.2176433,14.0004951,14.350559,53.1008119,53.2679549
16307,14.3741387,53.2369015,14.26133,14.4502129,53.1259639,53.3300021
16356,13.6740512,52.6205567,13.4966879,13.8583601,52.545439,52.7136489
16727,13.1445842,52.6814335,12.972306,13.250281,52.6303708,52.762827
16775,13.1082776,53.0563903,12.9379219,13.369537,52.7931668,53.185548
16792,13.3655081,53.0054451,13.209344,13.518592,52.9090211,53.081157
16816,12.7724911,52.907837,12.7332099,12.8772109,52.8532239,52.9846049
16818,12.7134051,52.9469826,12.530132,12.986663,52.681714,53.0978311
16845,12.4790414,52.8414145,12.1201161,12.7640071,52.7487629,52.9761571
16866,12.3597869,52.9847887,12.0535899,12.5577661,52.8930449,53.057047
16909,12.5152597,53.1211501,12.290875,12.718471,53.0263739,53.270295
16918,12.3552123,53.2802811,12.3029619,12.4324231,53.2463291,53.321432
16928,12.1805597,53.1344696,12.0154691,12.405348,53.0145229,53.271994
16945,12.1966445,53.3077631,12.014007,12.3526208,53.200649,53.37141
17039,13.3541521,53.6217246,13.0882391,13.4918159,53.496407,53.720328
17089,13.295074,53.76084,13.130165,13.431882,53.6717281,53.8471779
17091,13.1121026,53.6489014,12.957844,13.2682381,53.544555,53.785487
17098,13.5575523,53.6757323,13.4161911,13.6618209,53.5914259,53.7506891
17111,13.0117491,53.8365842,12.8564588,13.236262,53.73081,54.004582
17121,13.1546969,53.9977638,12.986937,13.3425389,53.9294821,54.0555149
17166,12.5882333,53.7500146,12.428534,12.7037229,53.640393,53.830601
17179,12.6871995,53.9602481,12.500671,12.8266919,53.85804,54.0522161
17268,13.547884,53.1816287,13.3220749,13.9124471,52.9873471,53.351325
17291,13.8724781,53.3193989,13.516275,14.1747439,53.138696,53.4350359
17309,13.9995295,53.5025658,13.7996141,14.2076399,53.411213,53.6201061
17321,14.2131801,53.5099964,14.1099822,14.371662,53.397517,53.5926761
17328,14.2150304,53.3003509,14.0992291,14.3184929,53.24868,53.343418
17329,14.3482875,53.3391587,14.2033562,14.4122561,53.3095989,53.383057
17337,13.7749702,53.4409472,13.6208069,13.9174219,53.386284,53.598059
17349,13.5754055,53.5523159,13.3546069,13.6760889,53.441328,53.6049549
17390,13.6231008,53.9004114,13.4841369,13.8298599,53.8550181,53.98826
17391,13.4791037,53.8394543,13.344168,13.641356,53.747303,53.9180301
17392,13.5693771,53.7627547,13.3895929,13.70942,53.694576,53.844855
17438,13.7495169,54.0520998,13.6396818,13.830628,53.9667651,54.0854043
18211,11.9556087,54.1357268,11.8366642,12.022217,54.026672,54.172623
18233,11.6980532,54.0177085,11.5625519,11.773956,53.9331269,54.073661
18239,11.8991692,54.0087741,11.780331,12.021985,53.931201,54.0693691
18246,11.9439117,53.8608661,11.7563441,12.093084,53.7882749,53.985777
18258,12.1023876,53.9330301,11.9793179,12.189433,53.8599549,54.0014021
18273,12.2159732,53.8000621,12.120539,12.29733,53.7500249,53.835306
18276,12.0868308,53.7582395,11.9760701,12.375983,53.633701,53.9032671
18320,12.623599,54.232833,12.4898829,12.7359829,54.187235,54.288931
18334,12.6552351,54.129687,12.463576,12.798653,54.019016,54.235327
18445,12.950689,54.3753858,12.8783509,13.0935629,54.314141,54.439577
18507,13.0377454,54.1048872,12.961811,13.1045481,54.0722439,54.1630999
18519,13.1762052,54.1727883,13.083622,13.3208011,54.116822,54.266134
18573,13.2494742,54.3535874,13.1141371,13.3599002,54.308432,54.421385
19077,11.4134139,53.4627762,11.319512,11.4880959,53.411099,53.546625
19209,11.1698166,53.6175253,11.1030999,11.265961,53.566903,53.66623
19339,12.0278582,52.9647808,11.883093,12.2096951,52.875601,53.0823851
19348,11.9261371,53.1168791,11.6914281,12.078336,53.005329,53.2789031
19357,11.7088789,53.182352,11.550775,11.852863,53.07122,53.274028
19370,11.8776221,53.427957,11.7402399,11.941225,53.372629,53.502334
19374,11.795483,53.5238957,11.630168,11.9747609,53.4234479,53.62566
21037,10.1569956,53.4460678,10.050992,10.249133,53.3950959,53.506635
21039,10.2819319,53.4571328,10.196263,10.3534999,53.4076679,53.496334
21220,10.0433495,53.3630177,9.996415,10.101286,53.3164269,53.4119461
21224,9.9002791,53.4023217,9.8041411,9.9577791,53.334396,53.4579411
21279,9.7396826,53.3720216,9.66858,9.8308709,53.31451,53.42223
21368,10.7366041,53.1876635,10.6276071,10.796423,53.1221921,53.253046
21385,10.1838279,53.116941,10.0371649,10.2867311,53.0432289,53.193547
21394,10.2708963,53.2290763,10.195053,10.357116,53.1873501,53.288728
21398,10.6342747,53.2732104,10.590619,10.6852469,53.2411969,53.307699
21423,10.2022015,53.3657951,10.0910631,10.3561522,53.286819,53.4332939
21483,10.526827,53.4246959,10.4476589,10.6295911,53.36104,53.4945049
21629,9.8206776,53.4307574,9.7263649,9.8620881,53.3644249,53.5052801
21641,9.6080277,53.4427222,9.549675,9.649825,53.41704,53.4731949
21683,9.4622866,53.6454974,9.385622,9.5507029,53.593521,53.691093
21698,9.4720128,53.4591105,9.337451,9.593216,53.3948941,53.505161
21706,9.3786,53.7068002,9.227247,9.5078981,53.64925,53.796451
21717,9.4178987,53.5179587,9.3286179,9.52566,53.4806489,53.571279
21730,9.1117045,53.8479178,8.994721,9.191333,53.7921461,53.8811351
21732,9.2177792,53.8507208,9.1659459,9.2572749,53.8027349,53.879933
21734,9.2252293,53.7844363,9.1418271,9.309338,53.755612,53.8113149
21762,8.904119,53.8088535,8.8302978,8.961774,53.747256,53.8372519
21765,8.8083429,53.7667375,8.75764,8.8679468,53.746231,53.788611
21785,8.9916038,53.8022889,8.9572641,9.0480509,53.7711369,53.840027
22964,10.3990182,53.704053,10.3511029,10.446527,53.672144,53.738606
23570,10.8535751,53.9600008,10.816537,10.9036671,53.9321749,53.9942499
23617,10.6180751,53.9317319,10.533976,10.6891191,53.8794561,53.982173
23619,10.5335426,53.8732858,10.42439,10.6217491,53.834022,53.9204319
23684,10.6899882,54.0353636,10.6099729,10.7310099,53.9885269,54.061375
23701,10.655405,54.104576,10.54411,10.760764,54.047126,54.192896
23730,10.8225089,54.133637,10.7111609,10.947333,54.054278,54.187699
23738,10.8870305,54.2160726,10.780096,11.0310561,54.1715761,54.2703731
23743,10.9688254,54.1864923,10.8870549,11.056027,54.136164,54.2226019
23758,10.8806314,54.3161225,10.6988519,11.016667,54.217926,54.377978
23769,11.132927,54.4700537,11.004229,11.3132599,54.401178,54.536099
23815,10.4662412,53.917691,10.418526,10.5110411,53.899185,53.950235
23818,10.383701,53.9029381,10.3348569,10.444768,53.878928,53.917365
23843,10.3523425,53.8013492,10.2388079,10.43681,53.745971,53.872123
23847,10.4839677,53.7459271,10.3260371,10.633531,53.684574,53.8204379
23858,10.487296,53.8334337,10.391992,10.5644009,53.789075,53.8780641
23860,10.558548,53.7996777,10.512157,10.6063802,53.779284,53.822046
23896,10.5987354,53.6480328,10.52091,10.653876,53.6177529,53.686768
23923,10.8715577,53.8318674,10.747759,11.0424779,53.7795689,53.9244669
23942,10.9828881,53.9536378,10.8947769,11.0902272,53.874579,53.9989769
23970,11.6024161,53.905777,11.4414299,11.6530951,53.856003,53.9383599
24211,10.2988521,54.2240948,10.1456529,10.408681,54.1584771,54.3034431
24217,10.3646553,54.3951262,10.2917089,10.4451071,54.3464311,54.4357651
24229,10.1095486,54.4611615,10.0246581,10.1992291,54.410684,54.4852599
24235,10.2741776,54.402924,10.2086289,10.3109439,54.3792801,54.4335341
24257,10.477031,54.3632287,10.4189101,10.539809,54.316792,54.4030381
24363,9.861506,54.398924,9.820574,9.904533,54.3693269,54.427523
24376,9.940032,54.6746346,9.8699751,10.042944,54.620306,54.738541
24392,9.803084,54.6415512,9.688287,9.8923031,54.575554,54.690914
24616,9.8453357,53.9980856,9.7598629,9.9194738,53.9516069,54.050149
24637,10.1306004,54.1062216,10.065455,10.170943,54.083573,54.150923
24644,9.9220105,54.1237355,9.844067,9.984067,54.0956681,54.165506
24649,9.8889693,53.9505264,9.851489,9.9572829,53.9306519,53.9879751
24802,9.8121381,54.2429706,9.7330409,9.9029001,54.199495,54.28675
24811,9.6194728,54.3909826,9.5469879,9.688122,54.35264,54.454084
24848,9.4997989,54.4005228,9.3755641,9.5897241,54.3625139,54.466212
24850,9.4778631,54.5127196,9.4060049,9.545236,54.4753779,54.565863
24852,9.3579325,54.61059,9.250301,9.4394909,54.5474279,54.6448631
24857,9.6185415,54.4960061,9.5669959,9.675322,54.473987,54.516606
24860,9.5706141,54.6215209,9.4952049,9.626219,54.5822339,54.6509539
24873,9.5218256,54.6586107,9.476241,9.550602,54.6295801,54.68501
24891,9.6386489,54.6382314,9.596386,9.6788911,54.603981,54.676432
24966,9.6640944,54.7303767,9.5933349,9.717644,54.687496,54.7623369
24969,9.1998881,54.689184,9.0623269,9.3051368,54.647375,54.740986
24980,9.1618636,54.7585383,9.070912,9.278143,54.714222,54.801961
24983,9.3201755,54.7685658,9.2450029,9.381157,54.7017909,54.8121939
24989,9.6779546,54.7902666,9.6469409,9.714214,54.756012,54.8050521
25335,9.6058804,53.7543421,9.4857621,9.7468399,53.707653,53.7970131
25358,9.5992033,53.8206106,9.499637,9.6782108,53.768107,53.873449
25376,9.4431567,53.8276018,9.3674381,9.510378,53.8039241,53.8477261
25541,9.1150566,53.9024485,9.017387,9.2145109,53.877421,53.950311
25554,9.3645367,53.9269929,9.2748458,9.4486931,53.868765,53.986235
25557,9.4019255,54.1217671,9.3111471,9.516781,54.0623,54.178055
25560,9.4682239,54.0505707,9.3787569,9.559556,54.0050771,54.0995781
25563,9.7256737,53.9200373,9.68429,9.834269,53.8899691,53.974808
25572,9.2396429,53.914794,9.198562,9.310724,53.871451,53.991558
25582,9.5122821,54.0031231,9.434246,9.589149,53.967658,54.0509841
25584,9.3408035,54.0551063,9.2859238,9.3986711,54.029612,54.071016
25588,9.4475216,53.9698338,9.403646,9.487883,53.935835,54.026892
25693,9.1145506,53.9902268,8.994699,9.1840181,53.9469009,54.040071
25704,9.0622852,54.1040117,8.9321071,9.205705,54.038186,54.150795
25709,8.9828157,53.9563265,8.894722,9.063912,53.9116761,54.0345259
25718,8.9090103,54.0057283,8.8045761,8.9766179,53.951728,54.045923
25727,9.1951758,54.0499216,9.126259,9.2605641,54.0046419,54.0940009
25746,9.0911487,54.1897815,8.950077,9.212318,54.161107,54.244316
25764,8.9138644,54.2031076,8.8217131,9.0139711,54.136127,54.2878919
25767,9.2724517,54.1428732,9.1934072,9.4421959,54.0867139,54.207306
25774,9.015959,54.327581,8.9065169,9.0684329,54.2485611,54.378744
25797,9.0120781,54.1572664,8.9456649,9.0594141,54.1352779,54.1827669
25813,9.0593285,54.456652,8.9293099,9.1723689,54.409015,54.5210389
25821,8.953368,54.5971395,8.8082331,9.0788922,54.557289,54.679345
25849,8.6565662,54.5304821,8.5873708,8.7086311,54.489108,54.557901
25852,8.9171557,54.6495861,8.858517,8.976504,54.6140449,54.6651089
25860,9.0811415,54.5212573,9.0352789,9.140757,54.500317,54.565868
25872,9.2457535,54.4645251,9.168743,9.327093,54.42072,54.491482
25873,9.1488069,54.4498694,9.1139219,9.1945559,54.418273,54.4855741
25884,9.153633,54.5765418,9.0945651,9.26742,54.5430651,54.628712
25899,8.7450662,54.7562578,8.678435,8.942857,54.6820319,54.840748
26180,8.2159441,53.2589924,8.1049208,8.3153659,53.188898,53.3541191
26203,8.1523158,53.0466804,8.0506119,8.25492,52.9989261,53.114086
26215,8.1133914,53.2551955,8.030337,8.200014,53.1770549,53.343575
26219,7.9709041,53.015766,7.898091,8.10278,52.964103,53.085216
26345,8.0028132,53.3712609,7.929525,8.10524,53.304493,53.4671071
26349,8.2416234,53.3440757,8.1639821,8.3191651,53.2842879,53.4541618
26382,8.1127474,53.5215154,8.090635,8.166039,53.5058479,53.5296019
26386,8.1079794,53.5545104,8.0798099,8.1530029,53.5284939,53.580537
26388,8.0657794,53.5846108,7.9935481,8.157609,53.538365,53.637822
26389,8.0754004,53.5186109,8.030688,8.1176559,53.501933,53.55939
26441,7.8530269,53.5552555,7.815215,7.9533689,53.501094,53.602599
26553,7.4603692,53.6567116,7.3137911,7.5578869,53.6190409,53.68676
26624,7.3569377,53.4890069,7.240554,7.4201869,53.396484,53.537712
26632,7.390384,53.4000234,7.279292,7.542415,53.3481649,53.4674219
26655,7.9322363,53.2782834,7.794418,8.0605679,53.165329,53.351838
26670,7.7624034,53.2895011,7.6658141,7.8856551,53.232078,53.375846
26683,7.7021995,53.0767864,7.6121359,7.783166,53.019122,53.1856559
26759,7.2097703,53.4219551,7.1332671,7.2859681,53.385352,53.460516
26802,7.4800141,53.3076066,7.299164,7.5598219,53.2725769,53.3756929
26817,7.5456731,53.1301191,7.494373,7.606346,53.034014,53.2169449
26826,7.3214695,53.1441593,7.24677,7.4132089,53.1009009,53.22983
26849,7.6429777,53.2484456,7.5908191,7.6923141,53.222007,53.2811611
26892,7.3428451,52.9591381,7.2010821,7.439969,52.8869199,53.031548
26899,7.2429362,53.0624758,7.1992811,7.3195549,53.006793,53.1173731
26903,7.521641,52.9911098,7.4368271,7.586555,52.9507459,53.0434219
26904,7.5320456,52.9256777,7.439808,7.6019689,52.887082,52.9596159
26906,7.231583,52.965979,7.1814141,7.302311,52.941155,52.983168
26907,7.2287243,52.9283927,7.1531541,7.301654,52.91148,52.947397
26919,8.4522801,53.3184064,8.4207121,8.5014141,53.284898,53.3765869
26937,8.3431887,53.4620389,8.309184,8.4104781,53.4241369,53.500149
26939,8.3556771,53.3361078,8.268524,8.450528,53.233533,53.391981
26969,8.3063997,53.5571763,8.227043,8.476988,53.47644,53.6182469
27211,8.7339691,52.8754288,8.6276679,8.8890169,52.7713321,52.962204
27239,8.5945111,52.7992829,8.4503059,8.703357,52.7284629,52.850761
27245,8.8082741,52.5680196,8.7336051,8.9006579,52.5295589,52.6456271
27246,8.9370712,52.6552209,8.908886,9.0202801,52.6309511,52.6956009
27248,8.6762914,52.7393688,8.6296,8.7482481,52.684143,52.777143
27249,8.8945069,52.7015517,8.8466259,8.9491729,52.629505,52.7483311
27251,8.7673704,52.7542053,8.6824651,8.8056551,52.710049,52.790058
27252,8.8430973,52.7431603,8.7772741,8.8927839,52.713539,52.766316
27254,8.9858627,52.7161903,8.9132851,9.029772,52.67646,52.7394831
27257,8.8372668,52.7921515,8.802307,8.8975891,52.7540319,52.830698
27305,8.9463465,52.8163226,8.877679,9.067872,52.7454319,52.8978501
27308,9.3859841,52.9119104,9.267653,9.4639909,52.821147,53.028086
27321,9.0339242,52.9501873,8.929793,9.124852,52.888578,53.009404
27324,9.2399294,52.7828941,9.162294,9.325854,52.739579,52.8222871
27327,9.0306824,52.8963504,8.9815989,9.116356,52.8410759,52.92689
27337,9.1405579,52.9203449,9.072843,9.1887239,52.8930829,52.973473
27367,9.2151487,53.0987094,9.1525299,9.3638981,53.012575,53.2128571
27383,9.4735203,53.1651369,9.3602089,9.651349,53.1081378,53.2462751
27389,9.5927655,53.2098622,9.4516699,9.7581359,53.134402,53.259592
27404,9.2725744,53.2679831,9.075483,9.4471199,53.1754921,53.3875698
27412,9.0859138,53.2389675,8.989597,9.2541659,53.1440821,53.336781
27432,9.1134911,53.4980712,8.894997,9.282923,53.407224,53.596866
27446,9.2582355,53.3996924,9.0640928,9.375272,53.329349,53.4717991
27478,8.722471,53.8003927,8.5749769,8.8638608,53.7589089,53.849227
27580,8.5730829,53.5873253,8.5154681,8.600742,53.5636761,53.607112
27607,8.634534,53.6647241,8.5076241,8.7609999,53.593147,53.73638
27612,8.5670642,53.4515614,8.4922608,8.7845529,53.39441,53.516091
27624,8.852275,53.6050719,8.683742,8.9956371,53.51959,53.691472
27632,8.572356,53.7019735,8.4824771,8.705092,53.649553,53.7628059
27637,8.5926401,53.7660747,8.516234,8.713472,53.7321351,53.8224561
27638,8.5232806,53.6399907,8.4824771,8.588746,53.618264,53.686532
27777,8.5436228,53.0515645,8.4274869,8.6355401,52.96508,53.1277471
27793,8.4064497,52.8883779,8.3066689,8.4819431,52.820179,52.9405339
27801,8.4324845,52.9729762,8.3144579,8.5126019,52.904274,53.023558
28197,8.7056215,53.1047574,8.6458181,8.7887841,53.067046,53.1279809
28211,8.8471788,53.0807167,8.8274749,8.8758521,53.074072,53.091403
28237,8.7069552,53.1317586,8.6543939,8.7918899,53.1065059,53.152251
28307,8.9391504,53.0385916,8.8958299,8.9803378,53.0110021,53.059589
28357,8.8778703,53.1190688,8.775364,8.9833,53.0949551,53.164055
28777,8.5277711,53.2098621,8.4815931,8.567545,53.182045,53.228932
28790,8.5750401,53.2444387,8.4805609,8.7026569,53.1761549,53.3670569
28816,8.7178351,53.0063839,8.6429861,8.8176029,52.935745,53.053037
28832,9.0726476,53.0230093,8.9157841,9.1428421,52.9856901,53.056322
28857,8.8606613,52.9092262,8.731478,8.952214,52.835531,52.9739119
28876,9.0474256,53.0791242,8.9615751,9.1510718,53.036349,53.1041711
29221,10.0821322,52.613917,10.058321,10.1075869,52.605835,52.63141
29320,10.1135268,52.8084526,9.991326,10.2030071,52.7450151,52.897244
29323,9.8346462,52.6483673,9.734399,9.887972,52.595472,52.6897799
29353,10.2898931,52.6093995,10.242156,10.355485,52.582482,52.631004
29355,10.253733,52.6503558,10.21069,10.2977869,52.6319731,52.672589
29361,10.2564092,52.6771309,10.164807,10.2880469,52.657125,52.702855
29378,10.7961985,52.6936518,10.654011,10.9025551,52.6023161,52.79661
29386,10.6136219,52.7211086,10.4730109,10.670143,52.64167,52.796003
29392,10.5467141,52.5866149,10.4875199,10.586768,52.557636,52.616227
29393,10.4667584,52.6477787,10.3798331,10.5382859,52.6005289,52.694995
29399,10.5914499,52.6257946,10.5117479,10.7240721,52.5583529,52.6691641
29413,10.8767222,52.7836781,10.755104,11.0898221,52.701766,52.856148
29416,11.3461352,52.7934869,11.2379551,11.417282,52.7222691,52.9039401
29439,11.1538641,52.9856654,11.0644999,11.259434,52.924022,53.0342861
29487,11.0359408,52.9370099,10.995137,11.0905849,52.9090379,52.97152
29525,10.5961231,52.9828429,10.466418,10.700782,52.8791119,53.0410771
29559,10.6212456,52.8937559,10.4402139,10.7575731,52.809149,52.9459469
29582,10.3704327,53.0572224,10.3120759,10.414854,53.004976,53.1157829
29690,9.6538997,52.6741272,9.480247,9.7612129,52.5994079,52.760095
30539,9.835124,52.3253119,9.802928,9.8839401,52.305337,52.354944
30823,9.5850153,52.4158598,9.525312,9.6203871,52.397948,52.43533
30880,9.8482706,52.2812522,9.7629131,9.9141411,52.261475,52.3259679
30890,9.4806112,52.3437535,9.3989851,9.5686851,52.260621,52.400583
30900,9.7226741,52.5390729,9.579186,9.826894,52.4887979,52.638067
30926,9.5688702,52.3903042,9.488345,9.6654731,52.344696,52.422841
30938,9.8923998,52.5249072,9.7805461,9.9966869,52.46113,52.6078861
30952,9.6518689,52.297583,9.6147199,9.7028709,52.2606931,52.356375
30982,9.7492444,52.2466018,9.689245,9.827938,52.170295,52.2977529
30989,9.5750772,52.3253469,9.525842,9.640825,52.2784831,52.3694091
31079,9.9059522,52.0405985,9.8187451,9.9758799,51.961524,52.08422
31094,9.6801165,52.0407831,9.657454,9.7094799,52.0230671,52.054878
31157,9.8333352,52.2395766,9.7689228,9.9351721,52.1962871,52.27022
31167,10.1216655,52.0007254,10.0172061,10.2061299,51.955405,52.0595361
31180,9.8819351,52.2140327,9.846043,9.948218,52.15841,52.237727
31185,10.1984322,52.2083557,10.1315839,10.2648479,52.1167919,52.234658
31188,10.1242568,52.0861374,10.065093,10.2030299,52.0413939,52.138505
31234,10.3147311,52.4023929,10.129605,10.3859041,52.3539869,52.44883
31241,10.1883475,52.2790266,10.1234659,10.260038,52.2453689,52.299275
31246,10.233088,52.2429046,10.140798,10.301707,52.2125739,52.283368
31249,10.0731388,52.2621392,9.995318,10.143866,52.222184,52.3418581
31303,10.0083967,52.4827623,9.918759,10.102847,52.4074609,52.5404499
31311,10.1603184,52.4589396,10.0542279,10.3032311,52.39032,52.526386
31319,9.975787,52.3134289,9.8615481,10.0821849,52.279964,52.370178
31535,9.4403547,52.5620786,9.238502,9.658854,52.438626,52.676968
31582,9.2084143,52.6380917,9.1631779,9.3086,52.591122,52.6913089
31592,9.0361189,52.5184788,8.939569,9.1096559,52.4570179,52.5608989
31600,8.9066686,52.5175929,8.7672799,8.956274,52.459287,52.5884999
31608,9.1410581,52.6611261,9.065438,9.1988691,52.632053,52.690963
31613,9.0704483,52.7097126,9.0063631,9.1520079,52.6581831,52.7358469
31618,9.0919403,52.6002811,9.0391269,9.172579,52.580624,52.662147
31634,9.3739668,52.6643839,9.2824359,9.466958,52.6191401,52.7359729
31655,9.2251409,52.3104444,9.1281519,9.2870469,52.2591229,52.3510021
31832,9.6049895,52.2048941,9.4640439,9.753737,52.128032,52.2647819
31855,9.2522609,52.051324,9.1538778,9.337059,51.9957938,52.1227121
31863,9.5027139,52.1168354,9.435638,9.606978,52.036565,52.167212
32105,8.7464532,52.0848218,8.7066049,8.7730939,52.073224,52.10919
32130,8.54772,52.1475576,8.498104,8.6173199,52.1015101,52.1715851
32257,8.5777547,52.198835,8.475604,8.636222,52.1633341,52.258641
32339,8.6301395,52.3663804,8.5162701,8.724016,52.332764,52.4154339
32427,8.8581164,52.3011708,8.816387,8.9169789,52.2736279,52.3219101
32676,9.2689127,51.8898786,9.1859899,9.346207,51.849674,51.9776609
32694,9.0173133,52.0269121,8.965113,9.107324,51.997635,52.07591
32699,9.1035118,52.0736653,9.0195359,9.194083,52.037161,52.1495029
32758,8.8251724,51.9561706,8.7630579,8.9836829,51.92508,51.998198
32825,9.0623357,51.9487215,8.9575859,9.1955429,51.8981369,52.01172
33142,8.6020547,51.5581888,8.4723669,8.713523,51.4658209,51.6317279
33175,8.8267643,51.785633,8.7230769,8.928857,51.747851,51.832786
33178,8.7805018,51.6403586,8.6684501,8.8594391,51.6067839,51.695629
33334,8.4012858,51.944695,8.285677,8.4731981,51.855969,51.977077
34388,9.4451662,51.5778479,9.3200471,9.6450371,51.401739,51.6543171
34396,9.2908757,51.494771,9.2169409,9.3539272,51.447232,51.553038
34431,8.8465079,51.4551847,8.680705,8.9707601,51.364659,51.549143
34434,9.2811888,51.5910115,9.125453,9.373419,51.5060939,51.663384
34454,8.9955229,51.4014535,8.9181231,9.128882,51.2676031,51.448457
34474,9.0054682,51.4747827,8.8906849,9.0923,51.433967,51.5188
34479,9.1886308,51.4393091,9.139685,9.277413,51.3967111,51.471949
34497,8.8579248,51.2746166,8.727337,8.9658518,51.209022,51.3338481
34519,8.7531935,51.3353331,8.654068,8.9381879,51.292401,51.3928
34639,9.4545181,50.9116562,9.393819,9.494385,50.8793431,50.934903
35080,8.4784238,50.7563816,8.4357931,8.529474,50.7222519,50.815317
35279,9.0866068,50.8780399,9.0249658,9.151239,50.817866,50.922949
35315,8.9969196,50.7278004,8.905749,9.104558,50.6749259,50.771111
35325,9.0598009,50.6287541,8.9416971,9.1436298,50.5660291,50.687423
35327,9.178662,50.577596,9.1050961,9.2607711,50.533592,50.620641
35329,9.0797249,50.6899461,9.0079539,9.150326,50.637818,50.730631
35466,8.8813931,50.6634721,8.828277,8.955136,50.63006,50.7092821
35644,8.5061301,50.6706975,8.414519,8.5668359,50.624385,50.702398
35768,8.4195528,50.7397421,8.3689091,8.45923,50.712924,50.797297
36205,9.9572455,51.0801415,9.8213289,10.0588978,50.9920979,51.12277
36266,9.972268,50.8893027,9.8918349,10.060033,50.850015,50.935353
36289,9.8572854,50.8781153,9.807818,9.9276289,50.842846,50.922626
36304,9.275865,50.7477097,9.170616,9.461058,50.6983109,50.8265731
36320,9.1064011,50.7716213,9.0149639,9.1886341,50.713493,50.832548
36341,9.3647584,50.6463321,9.2843551,9.454026,50.5773291,50.704038
36355,9.3003942,50.4947913,9.246117,9.4554951,50.4368861,50.541584
36369,9.2912571,50.5895138,9.2299561,9.3542538,50.534813,50.6449658
36381,9.5231965,50.3515511,9.4484509,9.683532,50.290072,50.411318
36399,9.3923999,50.4456293,9.33521,9.478694,50.385486,50.490015
37083,9.9462124,51.499001,9.9155589,9.976124,51.483146,51.5297649
37197,10.2218264,51.6505178,10.1670891,10.30025,51.6099039,51.675856
37308,10.1681603,51.3896504,10.0465699,10.26375,51.1899119,51.447339
38122,10.4727549,52.2217067,10.429626,10.5288069,52.199521,52.25709
38170,10.8005916,52.1435637,10.6484911,10.888973,52.046227,52.209254
38239,10.4236635,52.1885109,10.3667939,10.50773,52.1293041,52.222854
38275,10.3114556,52.0644222,10.265284,10.3463119,52.038721,52.0865969
38477,10.7600095,52.5078748,10.7170829,10.793695,52.479092,52.5351429
38486,11.1718704,52.6260306,10.93741,11.287228,52.496897,52.7875481
38551,10.5190086,52.4380909,10.4479581,10.550629,52.3949639,52.456251
38667,10.5655195,51.875859,10.4708879,10.650545,51.7776729,51.9357517
38690,10.569299,51.9610743,10.4541271,10.6512008,51.8897129,52.005989
38828,11.1790348,51.8828044,11.125074,11.271962,51.84137,51.926466
39167,11.4594258,52.1344702,11.343187,11.571789,52.078411,52.185961
39221,11.6824822,51.9619754,11.6009681,11.7987049,51.9130661,52.034294
39264,12.2206875,52.0033435,11.8364909,12.3765661,51.8587399,52.104191
39317,11.9841315,52.3835036,11.915664,12.062266,52.3113429,52.465499
39319,12.0585611,52.4839539,11.960004,12.1898211,52.3993291,52.5757851
39326,11.624627,52.2795833,11.457476,11.8084019,52.154021,52.402847
39340,11.4058738,52.2903751,11.341366,11.485632,52.241315,52.3347629
39343,11.3045259,52.2248602,11.0520709,11.5501501,52.1571091,52.3176841
39345,11.3659682,52.3373676,11.160005,11.5624359,52.242765,52.410625
39356,11.1105302,52.3295915,10.983464,11.193092,52.259191,52.3708319
39365,11.1753148,52.1620201,11.012234,11.368058,52.074225,52.2199229
39393,11.066749,52.0757099,10.9396411,11.1868618,52.011375,52.166123
39397,11.2324382,51.9419198,11.04813,11.3817841,51.89315,52.003288
39398,11.3192817,51.9924719,11.263241,11.3778579,51.958104,52.0138419
39435,11.4951778,51.937722,11.38139,11.607852,51.9029171,51.984777
39443,11.6279362,51.9030996,11.5604052,11.693234,51.826173,51.956375
39448,11.4275102,51.9872716,11.3408989,11.4592581,51.883685,52.006832
39524,12.0747255,52.6230845,11.987993,12.2060449,52.5011408,52.8174889
39579,11.6509305,52.6226843,11.5712407,11.9097349,52.451503,52.7490349
39596,11.9369575,52.7239912,11.8375137,12.04187,52.5978118,52.792381
39606,11.7223312,52.7890715,11.4655321,12.032482,52.647194,52.8943329
39624,11.4372016,52.6870681,11.222143,11.61288,52.6020449,52.7773991
40670,6.6220978,51.2701556,6.5852489,6.6723129,51.250296,51.295518
41352,6.5450609,51.1956517,6.480115,6.6270269,51.1397508,51.230799
41366,6.2593794,51.2113052,6.2098448,6.3309701,51.175419,51.268629
41460,6.7063135,51.2075211,6.67387,6.732009,51.185177,51.2268111
41515,6.603843,51.0821211,6.541907,6.658897,51.043225,51.11457
41517,6.588794,51.0462732,6.519269,6.6383028,51.018366,51.0958241
41542,6.7594436,51.0994393,6.696245,6.807237,51.073318,51.1469651
41812,6.3195429,51.071646,6.2006969,6.477325,51.012613,51.1169719
41836,6.2222549,51.0454321,6.152569,6.306197,50.98698,51.0898561
41844,6.2454153,51.1490546,6.1388829,6.355743,51.1010821,51.1900679
42499,7.3293896,51.1490386,7.269261,7.398715,51.1009,51.1954641
44577,7.3433844,51.532905,7.30839,7.3639979,51.520058,51.585403
45529,7.1674835,51.3748913,7.1081141,7.206946,51.309916,51.4252511
45665,7.2561046,51.6123927,7.201892,7.2951019,51.58173,51.6364221
45721,7.1847865,51.7810293,7.047349,7.3213269,51.694747,51.821372
46244,6.9081701,51.5964063,6.832254,6.983625,51.550799,51.644758
46446,6.2430132,51.8455099,6.1035662,6.3899481,51.805337,51.905244
46499,6.6315075,51.7288118,6.4820729,6.7727099,51.6906859,51.8164891
46519,6.4805701,51.5996924,6.413407,6.5631881,51.554679,51.631671
47509,6.4728256,51.4523038,6.4181281,6.5217849,51.416179,51.486224
47589,6.2843612,51.6738215,6.2114751,6.3808829,51.6360989,51.7151271
47608,6.3037657,51.5248333,6.2003819,6.4205819,51.4671459,51.576493
47624,6.2036819,51.5512895,6.1570559,6.2453089,51.5266189,51.573802
47638,6.2540853,51.4220239,6.205401,6.3237941,51.354664,51.487926
47647,6.3942487,51.456622,6.314422,6.47356,51.4057,51.4907961
47652,6.1806504,51.6264583,6.0914519,6.2563221,51.5608611,51.678237
47661,6.4134557,51.5399953,6.378331,6.4977721,51.466518,51.576001
47906,6.4273577,51.3704929,6.358841,6.535569,51.330576,51.424904
47929,6.3395545,51.3331676,6.3039859,6.4062621,51.3045471,51.3793611
48159,7.5935639,52.0050893,7.5416621,7.628407,51.969263,52.0600331
48268,7.6520413,52.0918867,7.523463,7.7552731,52.032545,52.151697
48317,7.7224294,51.7999168,7.611691,7.8174489,51.723882,51.8785211
48336,8.0590295,52.0113451,7.9798379,8.114307,51.955868,52.0683091
48341,7.4827786,52.0281781,7.4016679,7.556957,51.9947339,52.089604
48346,7.8578218,52.0356487,7.724451,7.9206538,51.999631,52.1039631
48351,7.8222339,51.9102302,7.756913,7.918447,51.872759,51.968518
48356,7.4891057,52.1023837,7.4266369,7.5495431,52.063092,52.143785
48455,7.0991963,52.2973749,7.02625,7.2081361,52.241162,52.3728461
48527,7.0498832,52.4822706,6.99925,7.0998479,52.40314,52.5275079
48565,7.3918716,52.1512065,7.260593,7.4639319,52.081061,52.1943501
48653,7.1636949,51.9097477,7.0491331,7.2611831,51.8466431,51.987963
48720,7.2016112,52.0031585,7.046335,7.336417,51.974178,52.061912
48739,7.0885151,52.0419745,7.0394451,7.185446,52.005134,52.0918501
49086,8.1137034,52.2692409,8.065694,8.1807281,52.2175169,52.3036789
49152,8.3955076,52.3404825,8.290227,8.471634,52.271061,52.383699
49179,8.1870047,52.3980512,8.1258009,8.2962789,52.303038,52.4524619
49324,8.3403114,52.2052401,8.26131,8.3978149,52.1495029,52.27741
49326,8.2727087,52.1672566,8.203087,8.4468141,52.1080139,52.232835
49328,8.4251312,52.2526835,8.3345879,8.517367,52.1515429,52.2825599
49393,8.262598,52.6505733,8.1384138,8.311511,52.602925,52.7195691
49406,8.5680925,52.7149365,8.4036638,8.66327,52.6242,52.7784
49419,8.5714197,52.542475,8.499645,8.774231,52.4986779,52.593672
49448,8.3956057,52.4799289,8.2968328,8.5051939,52.442586,52.5317599
49453,8.4728918,52.5926152,8.415418,8.6466679,52.5221918,52.6595809
49456,8.1591445,52.7331376,8.0462261,8.2522851,52.696662,52.7720221
49504,7.9304875,52.3138428,7.880459,7.9911918,52.2328959,52.365631
49525,7.8390397,52.1649406,7.7224311,7.929296,52.1136739,52.21849
49565,8.0213448,52.4094542,7.842276,8.1591451,52.359068,52.4810751
49586,7.8176624,52.433869,7.719128,7.891604,52.3686801,52.532338
49626,7.682897,52.603715,7.6071489,7.810706,52.5265428,52.6628161
49685,8.2014962,52.8272215,8.087186,8.25874,52.7862571,52.928614
49696,7.93397,52.8886304,7.791258,7.999768,52.8172771,52.936472
49716,7.264087,52.7162058,7.134236,7.443165,52.622498,52.7740841
49733,7.2312094,52.8043088,7.0669821,7.3892441,52.726202,52.8820079
49740,7.4735427,52.6601382,7.3598141,7.593774,52.607312,52.750859
49751,7.5197717,52.8294101,7.4161591,7.6661439,52.7620828,52.9281399
49757,7.6309584,52.8222908,7.5647799,7.8324309,52.7853751,52.9437509
49762,7.3646212,52.8822789,7.119353,7.439659,52.817604,52.922981
49774,7.5965139,52.7491131,7.499648,7.714333,52.6974769,52.7989709
49838,7.5056797,52.5721546,7.4049431,7.622534,52.501751,52.61735
49849,6.8422277,52.5373622,6.765981,6.896502,52.5035979,52.574436
50126,6.6209788,50.9606466,6.563633,6.6778141,50.9371361,50.99504
50169,6.7381124,50.8754649,6.6851411,6.805136,50.835728,50.925435
50181,6.5167885,51.0188788,6.452968,6.6602831,50.969293,51.0593629
50189,6.5595738,50.9222572,6.478921,6.6551121,50.8905201,50.976491
50259,6.7862878,50.9930323,6.7116049,6.8452029,50.938848,51.065864
50389,6.9787209,50.8142569,6.928879,7.0312609,50.792631,50.845388
51545,7.5981332,50.8591289,7.5115771,7.6859981,50.8202839,50.929198
51580,7.662744,50.9491612,7.5892599,7.792023,50.900538,51.01136
51688,7.397241,51.1027282,7.273575,7.5050609,51.046656,51.1861269
52070,6.0958906,50.7959332,6.0696659,6.1223331,50.7684039,50.813156
52146,6.1462316,50.8193814,6.0865859,6.2099929,50.802886,50.8555121
52249,6.2636408,50.8235705,6.190548,6.344483,50.7784368,50.8846509
52382,6.487903,50.8948919,6.412952,6.53596,50.8399171,50.95133
52391,6.5979265,50.752926,6.517811,6.7026789,50.689418,50.788082
52428,6.3944308,50.9418933,6.264873,6.454902,50.878586,50.9785169
52445,6.4191829,50.9928682,6.3372969,6.500324,50.934598,51.045588
52457,6.2670273,50.8965203,6.1997921,6.335435,50.855075,50.939967
52525,6.104102,51.0411938,5.9681949,6.2140419,50.996438,51.1220829
52531,6.1177074,50.9253588,6.01514,6.1564929,50.897882,50.953183
52538,5.9817713,51.0161092,5.8664151,6.081109,50.947104,51.066828
53925,6.5448019,50.5267986,6.4942919,6.613466,50.456975,50.5749979
53937,6.462811,50.5625794,6.3479731,6.5597021,50.497991,50.6188009
53940,6.4344607,50.439471,6.3161911,6.580732,50.3225351,50.5142439
53945,6.6884737,50.4251242,6.5846741,6.8025101,50.335635,50.4710341
54316,6.7496485,49.6684734,6.64837,6.805897,49.6364941,49.713673
54317,6.8240966,49.7153853,6.6942009,6.870869,49.6591399,49.771602
54421,6.8790284,49.6813538,6.841345,6.924765,49.6412971,49.717657
54426,6.9888348,49.7158052,6.8648179,7.1053739,49.672938,49.82036
54552,6.9030448,50.1949433,6.7642909,6.9958579,50.079638,50.290173
54570,6.7213952,50.1332506,6.5507241,6.8128909,50.084493,50.278685
54595,6.4230966,50.222515,6.31275,6.5160981,50.1513311,50.287189
54611,6.4208226,50.3520625,6.3844819,6.461138,50.332557,50.389428
54636,6.4915535,50.022505,6.350572,6.634241,49.863475,50.098225
54687,6.2653212,50.0865216,6.235113,6.328392,50.0591871,50.116886
55232,8.0997494,49.7459852,8.0397549,8.1661359,49.719067,49.773554
55234,8.1388956,49.702102,7.9352459,8.251491,49.6609539,49.8241039
55278,8.2565318,49.8378259,8.189357,8.384605,49.783265,49.8985079
55471,7.4446764,49.9960888,7.3792809,7.53498,49.9795601,50.0324029
55483,7.2970254,49.9487719,7.242194,7.312628,49.9238,49.9646039
55765,7.1735569,49.6429337,7.105275,7.2486531,49.5955249,49.7039579
55767,7.1639787,49.7050808,7.0280479,7.291439,49.573884,49.751636
55768,7.1983583,49.6157625,7.154677,7.240534,49.594519,49.634289
55776,7.2733676,49.6110623,7.209619,7.312612,49.5648921,49.679961
55777,7.3079831,49.5730144,7.2620231,7.342004,49.5485811,49.607035
56288,7.4608583,50.0569899,7.3398841,7.581577,50.0098451,50.1375838
56368,7.955432,50.2673114,7.876296,8.031554,50.245384,50.2974061
56745,7.1682816,50.4016818,7.0897821,7.257015,50.3706431,50.420131
56754,7.2691328,50.2139589,7.208711,7.323653,50.1903061,50.255454
56761,7.1979405,50.2391115,7.0499191,7.2480459,50.202581,50.2810729
56767,6.9994258,50.2460882,6.9089821,7.070573,50.219499,50.2809491
56814,7.1620377,50.1999244,7.06808,7.289503,50.065278,50.2202971
56869,7.351512,50.058822,7.3147971,7.3783429,50.023823,50.082977
57319,8.3966361,51.066498,8.2209469,8.54864,50.95956,51.149702
57413,8.0182899,51.2089038,7.89817,8.121849,51.12873,51.24828
57462,7.8916665,51.0492854,7.8019149,7.975348,50.987439,51.088995
57520,7.9818499,50.7079316,7.8085661,8.0430971,50.681236,50.789909
58091,7.5318304,51.3045319,7.438523,7.582657,51.264688,51.354566
58513,7.6788277,51.2264872,7.5812521,7.723415,51.1958371,51.2707381
58579,7.5734973,51.2596963,7.493384,7.633311,51.2204559,51.296143
58708,7.8221146,51.449009,7.691484,7.896556,51.390321,51.4783731
58769,7.6169509,51.3200896,7.5767031,7.667282,51.2754761,51.351709
58802,7.8617481,51.3249474,7.7729631,7.9341071,51.289448,51.397905
59075,7.7529751,51.7129879,7.699092,7.797954,51.669027,51.739076
59199,7.7716829,51.5845809,7.7085119,7.8273911,51.561216,51.6268709
59269,8.056958,51.7667636,7.9527589,8.1376749,51.702028,51.819082
59320,8.0270417,51.8538375,7.878295,8.1402459,51.807159,51.9229759
59368,7.5909062,51.6705945,7.538083,7.728685,51.627261,51.7287079
59379,7.4837764,51.6774905,7.408904,7.549069,51.6407829,51.7361099
59427,7.7867976,51.5412404,7.628789,7.84304,51.490326,51.5786029
59457,7.8998109,51.5548237,7.8273911,7.998622,51.5088449,51.595801
59469,7.9683377,51.5078471,7.8812129,8.0347328,51.466049,51.53816
59510,8.0867078,51.6797982,7.9461181,8.211809,51.6140039,51.722948
59514,7.9982395,51.6116713,7.909442,8.093634,51.563003,51.6757221
59519,8.1231699,51.47603,8.0117339,8.2365929,51.422144,51.533271
59556,8.286173,51.6552301,8.18654,8.367053,51.625241,51.72772
59581,8.2945758,51.4534047,8.199014,8.4100679,51.3885688,51.522723
59602,8.4272375,51.528562,8.352155,8.5484259,51.4050259,51.5987719
59609,8.3090555,51.5476187,8.224163,8.386126,51.5072429,51.5926199
59757,7.9445473,51.4248978,7.864121,8.0383209,51.37159,51.491331
59872,8.2575415,51.3292568,8.0960481,8.374169,51.2506539,51.410734
59929,8.5841108,51.4113167,8.4618139,8.7571358,51.2892269,51.4840841
63607,9.2884534,50.256207,9.192848,9.3511382,50.2249679,50.3337891
63633,9.3124636,50.3687231,9.2515589,9.378134,50.321304,50.463396
63697,9.1531285,50.3970679,9.093718,9.180305,50.378345,50.4425691
63699,9.2054634,50.3512633,9.1093721,9.2779361,50.324937,50.3748069
63928,9.3522329,49.666591,9.300839,9.4196511,49.642707,49.732025
64807,8.8212832,49.9043456,8.75104,8.8721659,49.878802,49.926414
64823,8.9486918,49.8687224,8.8496069,9.043826,49.8116861,49.919217
65558,8.0982075,50.2833531,7.851797,8.1230809,50.259753,50.415569
66606,7.1621763,49.4491481,7.0677041,7.3057001,49.4160619,49.511456
66629,7.247613,49.5358626,7.1689509,7.309976,49.4993209,49.584761
66640,7.1676731,49.5203866,7.1199211,7.2068621,49.485878,49.546214
66646,7.0479153,49.4459653,6.995106,7.1119771,49.4091311,49.5037421
66679,6.7257977,49.5162863,6.633263,6.815606,49.454146,49.561509
66887,7.5135941,49.5803036,7.414664,7.5854979,49.495494,49.627785
66894,7.4796524,49.3574991,7.3777889,7.5598229,49.309444,49.396026
66909,7.381583,49.465986,7.2960579,7.4861031,49.423076,49.521016
67246,8.2558257,49.5705718,8.2170669,8.2840759,49.5547831,49.5917389
67259,8.3143247,49.5714957,8.2783559,8.3440109,49.5482251,49.5996819
73432,10.172062,48.8246673,10.0910601,10.2777511,48.748136,48.8655249
73450,10.3426985,48.7890464,10.204078,10.4492311,48.722002,48.8263409
73457,10.0311214,48.796486,9.961887,10.0832771,48.746036,48.8487129
73495,10.2876414,48.9975219,10.253552,10.382911,48.9698931,49.031847
74582,9.9309404,49.2536814,9.861496,9.9897829,49.191828,49.2870768
77716,8.1098985,48.2828764,8.017566,8.1564919,48.2213499,48.342081
79108,7.8205932,48.0430053,7.7915409,7.871197,48.008971,48.070906
79215,8.0817936,48.1847158,7.981424,8.187615,48.1272671,48.234121
79271,8.0371523,48.0280093,7.9941919,8.102346,47.99381,48.065559
79336,7.8137889,48.2183171,7.7426561,7.917422,48.177233,48.242226
79348,7.9310703,48.1752439,7.857342,7.9860169,48.130908,48.206796
89191,9.7831019,48.5344408,9.721292,9.8487391,48.5079029,48.5663179
91587,10.1566515,49.4389462,10.0948979,10.192801,49.4237701,49.480728
91589,10.396221,49.238022,10.316958,10.4681789,49.203062,49.278499
91710,10.7318864,49.1200802,10.6455259,10.8194819,49.067088,49.1663989
92364,11.5378983,49.215725,11.4710649,11.6031909,49.157061,49.2708299
92726,12.4890982,49.6622623,12.448558,12.5298971,49.6052831,49.6977368
95213,11.768228,50.1962235,11.6683059,11.8470159,50.148141,50.2411481
97244,9.8961119,49.6056391,9.8101981,9.9458368,49.545162,49.629917
97268,9.8666377,49.6545135,9.8218059,9.9052659,49.6251149,49.684318
97280,9.699724,49.8079427,9.6508661,9.731406,49.784107,49.8385109
97318,10.1875151,49.7451277,10.0395369,10.229978,49.7038399,49.7886721
97753,9.7556389,49.9686579,9.6197589,9.871417,49.918666,50.021203
97877,9.4743245,49.7338642,9.3677241,9.652136,49.6924841,49.79109
97900,9.4961198,49.6805497,9.3973239,9.608731,49.634708,49.709457
97922,9.7294321,49.5478594,9.5714739,9.8240749,49.506663,49.597683
97941,9.6632746,49.6254457,9.585401,9.725984,49.562352,49.683775
97947,9.7666926,49.616708,9.710772,9.8149221,49.571724,49.662013
97950,9.7617321,49.6789215,9.6908751,9.8410648,49.6371119,49.731373
97953,9.5720974,49.5919153,9.49921,9.629222,49.544919,49.6490799
99310,10.9640913,50.8100961,10.8208309,11.1784749,50.72774,50.9061721
99448,11.1885943,50.8412171,11.12453,11.2573078,50.8037611,50.90414
99610,11.1651487,51.17087,11.0148189,11.3764739,51.0927711,51.224196
99636,11.3652228,51.2043719,11.3007441,11.4518249,51.15519,51.240783
99713,10.7411292,51.2532988,10.4830961,10.852301,51.204281,51.398674
99718,10.9222841,51.2787641,10.7939569,11.03748,51.199728,51.3265869
99735,10.7202462,51.4567793,10.5454269,10.816286,51.389346,51.5505141
99819,10.2646569,50.9268918,10.1128949,10.3376539,50.8610531,50.9591599
99869,10.7009734,51.00332,10.4791898,10.877258,50.841442,51.062958
99958,10.750166,51.0937825,10.680813,10.810463,51.047609,51.1390011
99976,10.3591531,51.2562623,10.1834271,10.5017629,51.1765479,51.344107
1454,13.9178698,51.1372153,13.850548,13.9892191,51.0611019,51.203085
1594,13.2323241,51.2606788,13.1922821,13.405242,51.202304,51.2965609
1609,13.4140191,51.3890612,13.3364529,13.5245789,51.33787,51.454236
1723,13.5362057,51.0502972,13.420632,13.6088961,50.9807509,51.066566
1737,13.5362012,50.9700656,13.428285,13.610645,50.922168,51.026917
1774,13.526344,50.8729104,13.4555873,13.6243153,50.8271687,50.9549564
1877,14.2020056,51.1344289,14.089125,14.305889,51.06004,51.177738
1900,14.0245274,51.1465467,13.9534139,14.112486,51.116734,51.1722811
1906,14.1795979,51.1757343,14.12668,14.2684201,51.1555621,51.2198289
1979,13.7399363,51.5004514,13.6305171,13.8733189,51.454971,51.5540961
1998,13.8921507,51.5410754,13.829873,13.9427349,51.522754,51.560132
2708,14.6555802,51.0773984,14.5351301,14.772507,51.011822,51.18627
2794,14.651938,50.9549285,14.6134791,14.7090369,50.9245211,50.976964
2894,14.7985276,51.140597,14.671781,14.8481941,51.083458,51.232662
2957,14.7146572,51.5202232,14.6559341,14.974509,51.4121529,51.5362391
3130,14.3759135,51.5837985,14.213415,14.705574,51.502907,51.6539729
3185,14.4127622,51.8574378,14.250304,14.5641729,51.781344,51.968756
3238,13.7428165,51.5965743,13.5201529,13.890358,51.5045631,51.6837259
4157,12.3724257,51.3746598,12.3486001,12.3852359,51.3613949,51.3878411
4643,12.6859531,51.0550708,12.618009,12.742874,51.0302599,51.103068
4668,12.7537203,51.2187742,12.560682,12.9315571,51.1344471,51.3124685
4685,12.7866258,51.2916279,12.767834,12.8687078,51.258697,51.3124689
4688,12.9146105,51.2404469,12.9053876,12.9292241,51.2271218,51.2725233
4720,13.1272418,51.1343172,12.992217,13.260079,51.0738549,51.209873
4769,13.0452199,51.236385,12.9064679,13.184511,51.2002699,51.272696
4838,12.6411982,51.4869004,12.48389,12.774435,51.373941,51.586803
4886,13.0853524,51.5764765,12.9311051,13.208022,51.478204,51.6711388
4916,13.2298038,51.7208106,13.050561,13.3926381,51.5973719,51.885737
4931,13.221322,51.4344034,13.174037,13.3814871,51.384576,51.499435
4932,13.5731561,51.4039572,13.404566,13.7017311,51.365915,51.4960048
6188,12.1155511,51.5324258,11.988611,12.2076251,51.4571021,51.591138
6198,11.8273914,51.5251975,11.6857311,11.902852,51.465678,51.6351297
6255,11.793852,51.3472736,11.7589989,11.828894,51.326157,51.377362
6268,11.5812346,51.3421551,11.4136991,11.796423,51.266795,51.4299991
6456,11.5671346,51.6766872,11.3728572,11.612829,51.6454114,51.7299569
6749,12.3393561,51.6209581,12.2800441,12.437202,51.5819359,51.681591
6791,NA,NA,NA,NA,NA,NA
6796,12.2119919,51.5615641,12.16476,12.245218,51.530981,51.5859219
6809,12.2834975,51.5788029,12.213162,12.343764,51.558998,51.6015029
6901,12.6593912,51.7845531,12.417061,12.824488,51.685161,51.8446531
7338,11.4786304,50.5813868,11.3748791,11.633942,50.522889,50.643745
7358,NA,NA,NA,NA,NA,NA
7554,12.1350384,50.9144173,12.016791,12.2157149,50.8186049,50.9766449
7619,11.8218135,51.0416695,11.73678,11.910039,50.9685991,51.0573199
7646,11.7790587,50.8562787,11.619664,11.9096879,50.760822,50.9349651
7955,11.9010897,50.7067322,11.8669359,11.9439139,50.6592879,50.747654
8648,12.3079795,50.221312,12.239091,12.3593339,50.171285,50.276308
9212,12.7159205,50.8676316,12.6378781,12.806745,50.821617,50.924638
9236,12.8904197,50.9409267,12.8212201,12.9346669,50.914116,50.9581389
9337,12.6789329,50.8347045,12.611668,12.7690819,50.7513791,50.8804629
9477,13.119003,50.5320843,13.0580229,13.2002311,50.500042,50.575622
9496,13.1846783,50.6088644,13.1168581,13.3280401,50.5029971,50.6996031
9509,13.2257882,50.7037331,13.1898661,13.312826,50.661928,50.744203
9517,13.2594469,50.6582819,13.2108931,13.3052522,50.6283065,50.692147
9526,13.338131,50.6588398,13.236924,13.446443,50.5901331,50.753388
9603,13.3111605,50.9661125,13.2016109,13.354116,50.9428601,51.036593
9619,13.4192075,50.7612417,13.3365771,13.4829451,50.6744879,50.826312
9623,13.5437572,50.7627866,13.4452539,13.652182,50.70799,50.846758
9661,13.125568,51.0070443,12.9941571,13.2666251,50.910989,51.0687499
13189,13.4222482,52.5600917,13.4078059,13.4324111,52.5513631,52.58254
14513,13.2730408,52.3899573,13.2340489,13.3122459,52.350072,52.4162121
14542,12.8700716,52.3647941,12.796266,12.975586,52.2983361,52.460486
14728,12.4121255,52.7288876,12.263575,12.560427,52.6760101,52.7933841
15324,14.3612236,52.644046,14.269327,14.498026,52.58872,52.760824
15378,13.8492388,52.4819192,13.7991839,13.88967,52.4535049,52.529503
15751,NA,NA,NA,NA,NA,NA
15910,13.7777914,51.9901384,13.6334989,13.9352811,51.9027399,52.131776
15913,14.1237623,51.912884,13.879258,14.34462,51.856763,52.137607
16248,14.0799726,52.9215587,13.8741439,14.1617601,52.7892341,52.967399
16321,13.5672765,52.6874845,13.46727,13.6687771,52.6085711,52.7626031
16348,13.4903565,52.7836022,13.3911471,13.6510209,52.635598,52.877075
17099,13.475284,53.6079275,13.406419,13.7960321,53.556439,53.705357
17126,13.3365004,53.923369,13.2683958,13.4092909,53.8547159,53.9377249
17129,13.2417747,53.9180421,13.184038,13.3903611,53.8071821,53.972658
17153,12.9307588,53.6689198,12.789147,13.056493,53.589384,53.774472
17207,12.5998873,53.3756268,12.5117069,12.782987,53.2904821,53.448116
17209,12.4535308,53.3246846,12.2746531,12.7225571,53.244327,53.460134
17335,13.7450676,53.5102404,13.672429,13.8195361,53.4773111,53.6161248
17348,13.5845089,53.4614065,13.393879,13.7080401,53.387664,53.5463358
17379,13.8871991,53.6605031,13.6967599,13.9692721,53.561533,53.755618
18182,12.236193,54.1743805,12.169091,12.3742929,54.096346,54.260076
18190,12.3754757,54.0774093,12.29803,12.4644791,53.996854,54.1244109
18196,12.2158488,54.0137582,12.118604,12.3361431,53.951281,54.0711301
18198,12.050804,54.0517227,11.96991,12.080789,54.0277131,54.095623
18230,11.6744498,54.1083782,11.5111999,11.7508169,54.039522,54.153813
18236,11.7968001,54.0631588,11.713744,11.8659701,53.9734681,54.124282
18249,12.0183628,53.7781415,11.7904959,12.0510248,53.732204,53.9452201
18311,12.4097065,54.2220852,12.296623,12.5335818,54.189069,54.3040819
18337,12.4615682,54.1612475,12.3511069,12.6242281,54.084336,54.2322899
18375,12.5188818,54.4215774,12.435383,12.64367,54.3727481,54.4839801
18461,12.881755,54.185625,12.7305621,12.9681841,54.092253,54.2417289
18465,12.76019,54.0913334,12.6965599,12.864189,54.0540109,54.177507
18513,12.9305782,54.066752,12.741678,13.03714,53.973751,54.14007
18516,13.1623764,54.0589095,12.96121,13.2887011,54.0132111,54.149671
18546,13.6356184,54.5328678,13.5249389,13.6814099,54.4732891,54.5812141
18556,13.3453917,54.6439306,13.1598511,13.4386579,54.557774,54.6848881
18569,13.261022,54.5082563,13.1209169,13.4023231,54.40344,54.580746
19376,11.927909,53.3181174,11.815327,12.0656811,53.271945,53.42306
19386,12.0247123,53.4678725,11.9030419,12.200818,53.343843,53.544902
21079,10.0056525,53.4643986,9.8805301,10.051527,53.414761,53.5056439
21109,10.0319897,53.4949324,9.9919739,10.078977,53.453862,53.520258
21129,9.8514063,53.515527,9.7635929,9.954005,53.4896441,53.5571231
21244,9.8694844,53.3176971,9.771429,9.9303709,53.243346,53.379059
21436,10.3536084,53.4072111,10.3108798,10.3982349,53.357863,53.4262911
21493,10.5173448,53.5567306,10.4340939,10.590049,53.476928,53.605813
21502,10.3990474,53.44691,10.307816,10.470809,53.3984819,53.4852511
21684,9.5091349,53.5652739,9.373643,9.5746581,53.538073,53.594907
21702,9.4317006,53.3860276,9.357007,9.5179189,53.345303,53.449815
21737,9.3056321,53.7562918,9.2665019,9.3769421,53.729074,53.831696
21769,9.0983372,53.6301839,8.9674759,9.1748929,53.554435,53.677238
21772,8.9730868,53.6600128,8.9268519,9.0193619,53.5945341,53.690744
21782,8.9774421,53.7595908,8.957411,9.0231599,53.6872091,53.779905
23569,10.8268839,53.9129131,10.71434,10.9686759,53.884885,53.954146
23777,11.0329469,54.285561,10.9579321,11.084044,54.246583,54.314077
23779,11.0353452,54.3295847,10.970854,11.0766839,54.299144,54.3552839
23824,10.3177564,54.0516488,10.2817081,10.3564939,54.0246471,54.080032
23881,10.6116549,53.6030608,10.497449,10.712057,53.569761,53.694838
23968,11.4060024,53.9059654,11.2282581,11.437499,53.841101,53.959221
23974,11.5893114,53.9458304,11.4674901,11.676238,53.895951,54.0343031
24214,9.978799,54.4108044,9.8697829,10.075738,54.3407711,54.475775
24220,10.0891154,54.2419813,10.030692,10.150435,54.1970789,54.2681951
24241,10.0018031,54.2261735,9.9475939,10.0782571,54.1802799,54.2798879
24354,9.7939497,54.5315889,9.6730318,9.8974498,54.490422,54.5862901
24395,9.9033102,54.7442043,9.780967,9.9851911,54.6891011,54.798401
24401,9.7231588,54.6461802,9.6578611,9.7447109,54.6252311,54.6630991
24405,9.7146247,54.6764292,9.6640431,9.7906681,54.657248,54.6980331
24407,9.8712418,54.6361847,9.816937,9.913014,54.614046,54.689606
24582,10.0272619,54.1590001,9.9450019,10.1313199,54.128849,54.218652
24589,9.8516283,54.1673132,9.7959609,9.9676991,54.141294,54.218065
24814,9.8197247,54.3692233,9.7795829,9.872629,54.344584,54.3911781
24837,9.5661514,54.5223028,9.510742,9.6164709,54.491622,54.5459571
24855,9.3982282,54.5568763,9.3531771,9.4835731,54.5359791,54.619457
24872,9.4307825,54.4446114,9.3805301,9.465361,54.4195111,54.4602991
24876,9.3377889,54.4574665,9.3126409,9.3899201,54.44192,54.4946239
24881,9.5815065,54.5653191,9.5281929,9.625267,54.537748,54.5859729
24885,9.4646876,54.6399713,9.422326,9.5115069,54.607255,54.6797371
24887,9.3742136,54.5172474,9.3161179,9.418289,54.475961,54.588272
24890,9.5440397,54.5904291,9.4568709,9.6019131,54.563664,54.6157429
24894,9.6395998,54.5794855,9.6119,9.7019289,54.563376,54.630889
24972,9.7605255,54.7545813,9.6905241,9.8328479,54.7335559,54.8066381
24977,9.63702,54.7971165,9.5668409,9.727638,54.751993,54.828447
24986,9.6049696,54.6741545,9.5298266,9.680554,54.6361714,54.7160891
24992,9.2650325,54.6182015,9.206849,9.327158,54.590883,54.657167
24994,9.1954742,54.8114012,9.076845,9.2500679,54.7809121,54.8739811
24997,9.3202905,54.6799243,9.257301,9.3721961,54.6509029,54.7133971
25361,9.5202906,53.8324226,9.4657881,9.5862399,53.793078,53.852297
25573,9.3993017,53.8749091,9.362861,9.4352669,53.845898,53.9062851
25578,9.5312711,53.8782996,9.4832318,9.5787641,53.844909,53.896012
25585,9.4884351,54.1383523,9.448366,9.5271659,54.1221619,54.1856009
25599,9.4011729,53.8448924,9.330909,9.4420471,53.808546,53.8719509
25712,9.239481,54.0025805,9.158452,9.3256701,53.941592,54.0432
25715,9.1386269,53.9499882,9.0627539,9.228993,53.9188101,53.980667
25719,9.0573886,54.0135841,8.961044,9.1181859,53.9965081,54.050865
25724,9.0069875,53.916133,8.941899,9.083763,53.890371,53.945452
25761,8.840744,54.1645429,8.807027,8.95291,54.119214,54.206432
25779,9.1571282,54.2948474,9.066084,9.2507929,54.218164,54.3520019
25785,9.1903146,54.1731685,9.1278259,9.246193,54.102636,54.1944171
25792,8.9872346,54.2416378,8.9343159,9.051754,54.2050491,54.2692019
25836,8.7822329,54.3302545,8.6741489,8.874196,54.2807171,54.412011
25842,8.9337199,54.6816435,8.753405,9.074024,54.649363,54.7312871
25845,8.8948337,54.5130975,8.78932,8.9988671,54.459272,54.565634
25850,9.2232117,54.5639477,9.192549,9.3114381,54.536459,54.5866211
25853,9.0463376,54.5807377,9.0154311,9.119862,54.548203,54.62646
25855,9.1759833,54.5969533,9.144721,9.2224,54.580073,54.6148961
25856,9.0211808,54.5272909,8.9241188,9.0601451,54.504985,54.5667559
25858,9.060096,54.6433111,9.0273109,9.1007989,54.6223721,54.669182
25862,9.1323746,54.6721829,9.0662831,9.1934519,54.6183929,54.701508
25864,9.1870549,54.6292919,9.127792,9.2226009,54.608543,54.6585629
25870,8.9425927,54.3716112,8.8719849,9.001519,54.3147059,54.419005
25875,NA,NA,NA,NA,NA,NA
25881,8.6830395,54.3301045,8.6332711,8.752893,54.286522,54.400726
25885,9.2306568,54.5098669,9.129912,9.3119769,54.4775369,54.560144
25889,9.0150693,54.4158461,8.9051689,9.061073,54.375862,54.435412
25917,9.011256,54.7698891,8.912276,9.119893,54.693688,54.8262701
25920,8.875351,54.7617378,8.791751,8.939536,54.7106179,54.795243
25923,8.8974878,54.8729878,8.791109,8.973444,54.8155681,54.904909
25924,8.6716091,54.861259,8.563906,8.7658689,54.7889579,54.911509
25927,8.7338732,54.8688019,8.6905051,8.848954,54.8390479,54.906779
25938,8.5031023,54.7182229,8.3945041,8.596979,54.6792979,54.755874
26169,7.8585443,53.0232723,7.7046009,7.961515,52.90414,53.119682
26209,8.3216418,53.0349041,8.210944,8.4370238,52.9920881,53.104784
26340,7.9521674,53.3963896,7.858432,8.069717,53.335779,53.4739669
26409,7.7337218,53.5957267,7.6440719,7.8602059,53.4848461,53.726724
26419,7.9673173,53.5476667,7.827433,8.049794,53.504223,53.602884
26427,7.6079198,53.6448738,7.4884419,7.7754761,53.5558279,53.720531
26434,7.9300949,53.6700206,7.8091779,8.090309,53.578876,53.7186459
26437,NA,NA,NA,NA,NA,NA
26506,7.1644716,53.5768531,7.086678,7.276268,53.4965621,53.667339
26524,7.2893225,53.6128244,7.224857,7.344496,53.556523,53.6836129
26556,7.4580347,53.5902476,7.4076519,7.5083991,53.532736,53.6270499
26723,7.1721227,53.3647296,6.992734,7.2162519,53.323969,53.397419
26725,7.249148,53.3544421,7.1744791,7.3124421,53.3144209,53.4084479
26736,7.1194793,53.4599662,7.0105509,7.2120379,53.352103,53.5381181
26737,NA,NA,NA,NA,NA,NA
26757,6.6704003,53.587622,6.6543031,6.8123689,53.5567601,53.620055
26789,7.4513578,53.2551971,7.3666611,7.542977,53.202723,53.29215
26810,7.4335036,53.1371972,7.362792,7.515789,53.076866,53.213884
26901,7.6774415,52.9379262,7.576444,7.753113,52.882222,52.9872271
26931,8.3735056,53.2045826,8.292401,8.4895769,53.152719,53.295798
26935,8.4565173,53.4029883,8.395749,8.500047,53.363582,53.4557359
26954,8.447881,53.4927518,8.362953,8.5562201,53.4325648,53.558427
27232,8.7965951,52.6657889,8.658093,8.8904239,52.617275,52.7302279
27243,8.5870541,52.9091463,8.458309,8.6939671,52.797741,53.018764
27259,8.6906891,52.6315234,8.616465,8.782859,52.555405,52.6865559
27299,9.1688496,53.0047548,9.073771,9.2912671,52.9622661,53.0425411
27318,9.1407443,52.833833,9.0340541,9.220401,52.784716,52.90947
27330,9.0045269,52.7723998,8.903689,9.065071,52.7161168,52.80654
27374,9.5293704,52.98706,9.4373269,9.6802489,52.916877,53.063499
27472,8.7073855,53.8552071,8.6806999,8.7482541,53.833333,53.8804669
27570,8.5904598,53.5398577,8.574031,8.619791,53.518086,53.5539489
27572,8.5985581,53.5055175,8.5598241,8.6317481,53.4839871,53.532319
27616,8.7969675,53.434765,8.6705619,8.9731841,53.372469,53.521904
27628,8.6548594,53.3581583,8.4963941,8.7765271,53.2812159,53.4366029
27711,8.7422227,53.2648107,8.659611,8.950298,53.183183,53.32644
27729,8.8262156,53.3104953,8.7355318,8.963539,53.2668589,53.395623
27755,8.6386804,53.0291368,8.578657,8.681883,52.9867421,53.046315
27804,8.463132,53.1656868,8.386353,8.5786719,53.1189631,53.2491669
28719,8.7130944,53.1531542,8.620734,8.795232,53.126973,53.183143
28755,8.6105982,53.1843831,8.5815981,8.642839,53.1709259,53.1981639
28865,8.8970748,53.1555884,8.781297,9.004293,53.125687,53.211362
28870,9.1186231,53.117035,8.9472371,9.204654,53.0163929,53.1843548
28879,8.9967169,53.1914719,8.955761,9.071354,53.1258321,53.242403
29331,10.2419747,52.6189846,10.1774101,10.340288,52.580552,52.6666039
29565,10.2652523,53.0555565,10.1555189,10.3437501,52.9319101,53.095898
29581,10.4250341,52.9655347,10.3491411,10.4881201,52.9294221,52.994089
29587,10.4653311,53.0705767,10.4035499,10.5060141,53.02206,53.0938329
29614,9.8309194,53.0057013,9.6596801,10.0301289,52.928431,53.0791928
29640,9.818976,53.136959,9.62534,9.9375669,53.032184,53.219299
29649,9.9751535,52.9189122,9.856337,10.08003,52.8669661,52.979773
29664,9.5211797,52.8794368,9.375355,9.9186161,52.7260561,52.951257
30974,9.5812492,52.2604513,9.4723278,9.6653,52.2282129,52.2953229
31036,9.7230991,52.0727154,9.6430369,9.7423509,52.031958,52.104417
31061,9.8279123,51.9830185,9.7394229,9.9069529,51.928448,52.0358638
31087,9.9849722,51.9216206,9.9447758,10.0131979,51.896884,51.940048
31137,9.9229728,52.1676714,9.8914929,9.963582,52.145516,52.1929709
31174,10.0987722,52.1740828,10.0142121,10.156294,52.110301,52.236356
31177,9.9941242,52.2045138,9.919276,10.0847479,52.1767661,52.2375351
31515,9.407641,52.4248253,9.2727999,9.505845,52.3624,52.4999969
31595,8.9726551,52.5878963,8.870482,9.1067839,52.527551,52.6506
31606,8.8237021,52.4378738,8.7722821,8.9257889,52.389371,52.4982329
31719,9.1197347,52.3828147,9.0948579,9.160632,52.36959,52.411661
31749,9.2598324,52.2433763,9.129411,9.3304489,52.205697,52.279648
31840,9.2421602,52.148378,9.1560109,9.38755,52.093977,52.2208449
31867,9.367927,52.2741504,9.309256,9.4489411,52.212465,52.295353
31868,9.390141,51.9548927,9.3409341,9.4574421,51.9222479,51.9810001
32052,8.6500658,52.0919704,8.6164281,8.7191949,52.057758,52.1233119
32312,8.6275673,52.3129662,8.5331519,8.7288251,52.265957,52.343357
32351,8.4766636,52.4204498,8.2968758,8.5678591,52.353337,52.514572
32361,8.5103036,52.3000863,8.441031,8.569048,52.259941,52.366465
32423,8.9553818,52.2937952,8.902071,8.9985829,52.2612109,52.328648
32457,8.9402185,52.2253083,8.8282841,9.076995,52.1807749,52.272266
32469,8.9774411,52.3832895,8.7746919,9.138562,52.318909,52.5004679
32609,8.669796,52.2670048,8.553732,8.7471611,52.231869,52.298478
32657,8.9070006,52.03535,8.8034649,8.9972359,51.975935,52.104534
32689,8.9512242,52.1281572,8.867455,9.0375749,52.0602179,52.194608
32805,8.9630488,51.8604282,8.876885,9.094439,51.788856,51.92743
33014,9.0490757,51.7367282,8.9643281,9.117224,51.6436019,51.797567
33034,9.1585552,51.7281977,9.0631609,9.2872389,51.6276529,51.797834
33039,9.1173323,51.8055268,8.9944989,9.192972,51.754289,51.858874
33098,8.7542576,51.7113515,8.7200929,8.7829779,51.697342,51.7236131
33100,8.8341562,51.7212792,8.7576041,8.9006199,51.6732091,51.7664491
33165,8.8995725,51.6207332,8.7379829,9.0168171,51.5290681,51.7003779
33181,8.7514254,51.5047092,8.6256139,8.8465681,51.4471739,51.615605
33184,8.9397119,51.745145,8.8744789,9.000043,51.676566,51.803045
33829,8.2813014,52.1025558,8.201371,8.368789,52.045029,52.13489
34281,9.3642206,51.178114,9.3030448,9.430684,51.138631,51.25497
34327,9.5236341,51.1745318,9.483565,9.5977421,51.1561559,51.193822
34376,9.4770621,51.4285881,9.444471,9.5500189,51.400068,51.4716189
34414,9.1309863,51.4756133,8.904319,9.2712639,51.44166,51.5779081
34439,9.1174663,51.6039191,8.977815,9.205429,51.538279,51.661865
34477,8.9652633,51.3369234,8.8643029,9.048086,51.2855679,51.383856
34513,9.0498247,51.2281948,8.94135,9.1306151,51.1721039,51.3140511
34630,9.0532996,50.9436445,8.972801,9.156263,50.90281,50.999391
35099,8.7579203,51.0195702,8.7050241,8.8809311,50.9753499,51.039591
35274,8.91369,50.8494827,8.828568,9.0053801,50.7837859,50.8946308
35684,8.299662,50.7771406,8.269661,8.319,50.76532,50.804027
35685,8.267108,50.7671042,8.236081,8.288494,50.754151,50.790757
35688,8.3452316,50.7352907,8.316023,8.394758,50.719304,50.776551
35753,8.2456156,50.6059658,8.1520129,8.3629389,50.554009,50.633344
35759,8.1859716,50.6340132,8.109897,8.2565589,50.598452,50.6780211
35794,8.2014418,50.5465206,8.1099691,8.2389389,50.5184611,50.5995549
36110,9.5816182,50.680927,9.44783,9.6502389,50.6053599,50.766156
36251,9.7058593,50.880385,9.545594,9.8391558,50.813425,50.9948411
36277,9.8087534,50.8192028,9.730483,9.909603,50.7897971,50.864626
36318,9.3263668,50.6966878,9.234187,9.3799481,50.629138,50.7398309
36324,NA,NA,NA,NA,NA,NA
36325,9.1697024,50.6509641,9.104421,9.244302,50.589584,50.681884
36329,9.2208228,50.7147105,9.140843,9.271982,50.6571209,50.7435
36358,9.3477216,50.5616191,9.2425309,9.497826,50.5121379,50.593907
37127,9.7447585,51.4682935,9.6365268,9.851729,51.4250196,51.5414039
37130,10.088507,51.4814476,9.934491,10.1859628,51.417077,51.5354939
37133,9.929315,51.4371788,9.812193,10.022497,51.371571,51.505689
37136,10.1629761,51.5407073,10.037056,10.1926779,51.5140489,51.610172
37139,9.7363634,51.5645086,9.6583401,9.8268279,51.521676,51.614175
37235,9.7496137,51.2033004,9.6103239,9.856643,51.143531,51.244931
37547,9.9803578,51.8443914,9.9499209,10.00288,51.8254677,51.8588869
37574,9.8768862,51.8400755,9.75855,10.0400019,51.729414,51.913662
37627,9.6103261,51.8516463,9.5337288,9.7103419,51.7863329,51.9166209
37688,9.3466097,51.66014,9.238021,9.4452049,51.611038,51.737622
37696,9.2307887,51.8182984,9.1564749,9.306269,51.7788619,51.8666371
38173,10.6370701,52.2163365,10.5958801,10.7844119,52.141375,52.245977
38226,10.3325038,52.1590409,10.3081209,10.3516221,52.139156,52.1766238
38268,10.2828449,52.2009705,10.248483,10.369182,52.1749888,52.245896
38272,10.2175439,52.1441326,10.176163,10.251955,52.1076391,52.1811301
38350,11.0017167,52.2430058,10.9139789,11.0860368,52.167896,52.2871759
38464,10.9010258,52.3600701,10.8516781,10.959108,52.3282771,52.404989
38474,10.8695962,52.5787524,10.832986,10.9137569,52.551551,52.610544
38489,11.0160892,52.6840481,10.8335739,11.1717991,52.609186,52.753394
38822,11.0549807,51.9374647,10.88254,11.174461,51.883717,51.95673
38855,10.7993086,51.8437498,10.6479931,10.918083,51.7644271,51.938502
38871,10.7034246,51.8953572,10.576763,10.832924,51.789438,51.952698
39240,11.8349628,51.9036653,11.6527919,12.01991,51.8376271,51.9552261
39261,12.0981184,51.9624383,12.022011,12.18088,51.93118,52.005271
39291,11.9549183,52.1425433,11.6871279,12.2973451,52.072394,52.3177579
39307,12.1760778,52.3744452,11.973367,12.3307809,52.241372,52.523601
39359,11.2014917,52.4071494,11.0356159,11.3390241,52.326122,52.452471
39638,11.4050865,52.5386734,11.1971031,11.6053062,52.3665189,52.637363
41334,6.2721001,51.3262794,6.1539149,6.3265111,51.25275,51.3657991
42477,7.3720815,51.2094389,7.295248,7.4339261,51.16929,51.250485
42555,7.1146566,51.3517649,7.0791581,7.159611,51.32557,51.3813861
44227,7.4198285,51.4646773,7.382862,7.47154,51.431586,51.497892
45525,7.1860493,51.3948427,7.1599701,7.2046919,51.380453,51.411835
45701,7.0991237,51.6061427,7.066809,7.1618241,51.588051,51.634154
45739,7.2579564,51.637739,7.1902841,7.2973351,51.6239859,51.703856
45964,6.9903655,51.575667,6.936518,7.0182281,51.545905,51.5870081
46325,6.8572196,51.8441276,6.7324079,6.923467,51.773654,51.932745
46348,6.843366,51.7696309,6.754349,6.91681,51.728916,51.8026859
46399,6.6041283,51.8454749,6.472559,6.68707,51.8357739,51.917645
46419,6.4641478,51.8331306,6.3868661,6.532432,51.8027991,51.8739458
46459,6.3765753,51.7853234,6.302377,6.534058,51.701695,51.832856
47533,6.1280084,51.8091567,6.036693,6.2447669,51.73178,51.8653819
47546,6.3033368,51.7574924,6.235548,6.4116341,51.687137,51.827737
47574,6.1312129,51.703086,6.026136,6.2292789,51.6138251,51.7479801
47625,6.2870011,51.5679707,6.2431599,6.3600269,51.537466,51.594927
48231,7.9592161,51.9542349,7.8569971,8.102176,51.851808,52.051818
48249,7.3138755,51.8579795,7.1002431,7.4338789,51.7784729,51.926383
48369,7.6373483,52.188896,7.555374,7.712204,52.136267,52.224446
48493,7.2892253,52.2323411,7.2162051,7.38792,52.1870221,52.281234
48599,7.0289361,52.1841199,6.950605,7.102107,52.1349809,52.242768
48607,7.1859593,52.2066558,7.094293,7.296538,52.163386,52.2664401
48612,7.3101494,52.1029861,7.2414641,7.356549,52.056557,52.1430431
48624,7.2390639,52.0928401,7.102437,7.274639,52.0429539,52.1289019
48683,7.0165404,52.0790306,6.86715,7.06708,52.0210291,52.181066
48691,6.8205653,52.0361066,6.686819,6.9113841,51.9934549,52.127828
48712,7.0081423,51.9506357,6.9254171,7.090507,51.883683,52.0010939
48727,7.3364268,51.9948158,7.211725,7.43433,51.9367281,52.0404089
48734,7.0437565,51.8314277,6.9774291,7.1739229,51.7765599,51.888208
49074,8.0560591,52.2758791,8.0382241,8.069789,52.263285,52.2879079
49082,8.0495294,52.2415583,8.005542,8.096442,52.224129,52.269432
49163,8.2932658,52.4227864,8.1778379,8.39418,52.3271511,52.5003051
49201,8.1993258,52.1146282,8.1461529,8.2678689,52.071831,52.1526231
49356,8.3613436,52.6005798,8.29382,8.4474139,52.531898,52.6893669
49377,8.2880496,52.7349335,8.1946998,8.3837911,52.6865719,52.8004229
49400,NA,NA,NA,NA,NA,NA
49413,8.1062526,52.6506578,8.0184089,8.1911741,52.598215,52.7037041
49593,7.9366872,52.5546875,7.885514,7.999531,52.517812,52.618737
49610,7.9648584,52.6764226,7.903129,8.034599,52.6592321,52.6965959
49624,7.7739772,52.7268087,7.6354889,7.8879061,52.6772311,52.813892
49632,7.9407979,52.7157133,7.832034,8.077081,52.67955,52.766186
49635,7.9815223,52.6356747,7.8661211,8.087396,52.5929929,52.6735379
49681,8.0708816,52.9657609,7.9344059,8.1251959,52.880541,53.017182
49688,7.8925116,52.794347,7.7925811,8.00438,52.75092,52.836289
49744,7.2471446,52.5990429,7.1191231,7.416963,52.5494721,52.656581
49761,NA,NA,NA,NA,NA,NA
49824,6.8469831,52.6121755,6.709959,7.0058021,52.561079,52.65319
49835,7.2084624,52.5048476,7.08345,7.28368,52.4435939,52.602046
50151,NA,NA,NA,NA,NA,NA
50354,6.8596159,50.8631453,6.778707,6.923304,50.836877,50.9115189
51702,7.6694615,51.022137,7.616735,7.7355539,50.996653,51.0640281
51709,7.5493127,51.0719744,7.451606,7.6184519,51.0465019,51.106593
52224,6.2811789,50.7287236,6.2006071,6.3657381,50.684725,50.788809
52372,6.4905127,50.7380994,6.4164751,6.5496989,50.6951161,50.782419
52393,6.3786897,50.7025737,6.2844999,6.4588829,50.6505589,50.7745801
52441,6.2856124,50.979203,6.193691,6.361969,50.9344649,51.0248759
52499,6.1946473,50.9212978,6.1405139,6.2295961,50.8858639,50.949845
52511,6.1267754,50.9667218,6.01514,6.2368818,50.929815,51.0172479
53332,6.9684402,50.7730884,6.859529,7.0666769,50.718575,50.805109
53909,6.6449966,50.6772512,6.5671251,6.778106,50.630302,50.755522
53947,6.6673756,50.4990435,6.5487299,6.7755871,50.442884,50.541951
53949,6.5464093,50.3863587,6.4129471,6.6068889,50.3353331,50.443545
54298,6.5693978,49.8530866,6.488109,6.7139991,49.7016221,49.9254251
54311,6.5569238,49.7594094,6.5269319,6.61901,49.737649,49.791646
54441,6.5415587,49.639444,6.4216341,6.651663,49.5166741,49.696464
54558,6.9222873,50.1101679,6.8656829,6.976613,50.07343,50.1587901
54597,6.3476353,50.1389664,6.2359071,6.602935,50.050448,50.3425649
54617,6.171408,50.148329,6.128262,6.207201,50.11016,50.177712
54619,6.216578,50.1377184,6.1564531,6.341638,50.087278,50.1954409
54649,6.3853908,50.0851305,6.2997981,6.4266669,50.0312979,50.139336
54673,6.2324413,49.9955074,6.1538371,6.376175,49.9484351,50.0864729
54675,6.3139234,49.9087381,6.216455,6.381735,49.853197,50.0289331
55270,8.1582778,49.9479376,8.0417151,8.25136,49.8667219,49.9679829
55296,8.2950806,49.9020784,8.2498821,8.3192271,49.878371,49.926832
55469,7.5462508,49.9895078,7.4515521,7.598972,49.935451,50.0752129
55568,7.6709948,49.759844,7.5815439,7.722667,49.7261111,49.7976051
55592,7.6287051,49.7183132,7.581196,7.7268729,49.6840361,49.745837
55599,7.9629648,49.782069,7.904794,8.0416001,49.742074,49.852451
56244,7.8053216,50.5530044,7.6682741,7.9117851,50.481297,50.6193839
56290,7.4625044,50.1064188,7.2935381,7.5250069,50.058928,50.1950099
56291,7.5786331,50.1130379,7.494662,7.6663301,50.0342211,50.153184
56357,7.7704523,50.1917699,7.698899,7.951449,50.101368,50.290125
56472,8.0137476,50.6666081,7.9062991,8.037509,50.6069229,50.696659
56477,8.0707732,50.6234758,8.0413189,8.115088,50.588795,50.665641
56479,8.04837,50.576686,8.0061499,8.1523659,50.532548,50.706566
56759,7.0782815,50.2516571,7.0443571,7.176982,50.1999039,50.280848
57580,7.8127686,50.7455481,7.7684361,7.8469361,50.7276761,50.7704109
57587,7.7421798,50.8187304,7.7060369,7.7943109,50.7983719,50.850941
57612,7.6947974,50.7272979,7.563465,7.7551321,50.6813891,50.748679
57627,7.8079388,50.6571026,7.740174,7.875229,50.6122729,50.708039
57629,7.8194124,50.6980894,7.718329,7.9481489,50.580244,50.7402411
58239,7.5656315,51.4289295,7.5030959,7.6345869,51.3852289,51.4759729
58256,7.362174,51.2732165,7.296523,7.432789,51.2387089,51.332265
58332,7.2910093,51.2829475,7.2557711,7.3202289,51.2500209,51.316852
58540,7.7082643,51.1140959,7.5974551,7.838904,51.0685789,51.1584829
58730,7.748431,51.501482,7.655865,7.850094,51.466578,51.5294889
58739,7.8634987,51.499084,7.831323,7.9244879,51.4573729,51.533761
58809,7.8500454,51.2835618,7.7300351,7.9226021,51.2452391,51.318005
59192,7.6167995,51.6159437,7.5606391,7.690522,51.5878489,51.6611491
59227,7.8843043,51.7891354,7.788211,7.99128,51.725435,51.831265
59302,8.1774995,51.8009056,8.0834239,8.2598991,51.758117,51.899003
59329,8.2611324,51.7100576,8.1160209,8.320114,51.658066,51.77864
59590,8.4651976,51.6530133,8.410904,8.587499,51.56835,51.688414
59597,8.3007459,51.6117813,8.2000679,8.431357,51.571167,51.6479051
59846,7.9785738,51.3064714,7.901393,8.132061,51.233065,51.394005
59939,8.5253748,51.3099808,8.4148029,8.5730789,51.259205,51.434144
61130,8.8830827,50.2465175,8.832541,8.9628219,50.205938,50.281065
61184,8.7724716,50.2341967,8.6854091,8.8269311,50.194646,50.267878
61197,8.908926,50.3276693,8.816992,8.982125,50.289358,50.3546779
61276,8.4011696,50.3240694,8.315461,8.465886,50.274433,50.3862919
63636,9.2970652,50.3023081,9.2391159,9.3488319,50.272104,50.333222
63667,9.0103069,50.4343238,8.8999061,9.1263101,50.3780259,50.499908
63679,9.1420501,50.5074082,9.040283,9.2709431,50.424485,50.549236
63688,9.2206714,50.417749,9.130333,9.290491,50.361985,50.4635479
63930,9.3914421,49.7045894,9.355725,9.422391,49.6763678,49.7316239
64397,8.7561892,49.7597762,8.6999141,8.790251,49.7222269,49.787084
64756,8.9039446,49.6455473,8.864566,8.966478,49.5995081,49.70553
65556,8.0378181,50.3967166,7.9946429,8.051672,50.3813079,50.4050629
66440,7.2594867,49.2390311,7.1774521,7.3691439,49.129556,49.298213
66564,7.2165877,49.415107,7.090784,7.292867,49.384203,49.441131
66851,7.6150634,49.38948,7.4729839,7.693292,49.3044249,49.418476
67294,8.0491858,49.682705,7.9470921,8.1223829,49.6453639,49.7308851
67304,8.0476546,49.5647813,7.95785,8.101102,49.5130191,49.588312
67308,8.1341598,49.6419417,8.0488959,8.161381,49.575905,49.673666
67547,8.3703118,49.6290294,8.330573,8.414737,49.5926788,49.6818919
67550,8.3108626,49.6692848,8.255654,8.4462871,49.640984,49.7364311
67737,7.6483301,49.5355945,7.607724,7.6938661,49.518729,49.559741
67822,7.8656787,49.7416062,7.6992759,7.917537,49.6459859,49.765922
67823,7.7711238,49.7273073,7.7143729,7.8012179,49.6684849,49.764886
69427,9.2058172,49.5327346,9.0708949,9.277663,49.486633,49.582145
72184,8.7604729,48.4710678,8.6895969,8.830119,48.4378229,48.506688
72226,8.5114998,48.6256528,8.4496611,8.570232,48.585852,48.6613779
72275,8.3824109,48.363598,8.326672,8.502625,48.300484,48.441187
72393,9.1038503,48.2984526,9.0244121,9.224616,48.2520491,48.3766699
73111,9.9192917,48.72001,9.833134,9.94355,48.692735,48.753755
73340,9.8741922,48.5761394,9.816538,9.970819,48.538225,48.6317891
73349,9.6252571,48.5621164,9.560416,9.6553511,48.5367019,48.58591
73566,9.9595419,48.7418595,9.907857,10.024976,48.725105,48.7614949
74523,9.7544127,49.1257616,9.5970288,9.8756809,49.04597,49.1670039
74549,9.8447956,49.1588773,9.802686,9.898405,49.131511,49.190213
74722,9.3250621,49.5241149,9.224418,9.4301509,49.452044,49.594291
74731,9.330765,49.6220291,9.2589819,9.4935889,49.499049,49.658308
74747,9.5365439,49.4100322,9.4477289,9.6039079,49.3752431,49.449687
77784,8.1349097,48.3778285,8.10222,8.218036,48.3384209,48.425094
77793,8.2148282,48.2343231,8.166071,8.246271,48.2046951,48.288293
77955,7.8562589,48.2604661,7.7594821,7.93983,48.218084,48.279434
77971,7.8247577,48.2940756,7.791767,7.8981731,48.2696789,48.329342
77972,7.8101408,48.2882961,7.776807,7.8420261,48.267443,48.3331321
77978,7.9540575,48.2473203,7.903839,8.0267431,48.201828,48.303786
78052,8.4109794,48.0410653,8.3359791,8.5309571,47.980919,48.125089
78120,8.2265842,48.0444874,8.130965,8.2822709,47.991915,48.104131
78655,8.4786778,48.2261037,8.440202,8.5553119,48.1810478,48.258547
79263,8.0936192,48.0792752,8.012263,8.1659201,48.008086,48.131476
83361,12.4668095,48.0353036,12.4169641,12.518232,48.013454,48.0664609
83530,12.3861599,48.0793817,12.32362,12.450651,48.033581,48.131689
84140,12.566403,48.4538516,12.470606,12.6580589,48.401186,48.524763
85095,11.45973,48.9268188,11.4048419,11.5221919,48.88549,48.963202
85135,11.2171985,48.9917423,11.139415,11.292572,48.959982,49.0526341
86860,10.702901,47.9941857,10.645476,10.7611731,47.9623191,48.0162189
86971,10.9268827,47.7878785,10.850601,11.002758,47.73637,47.88161
87487,10.2114607,47.7396329,10.1396821,10.2669771,47.711819,47.775469
88536,NA,NA,NA,NA,NA,NA
89547,10.050754,48.6325613,9.92008,10.1783649,48.5676499,48.667885
89551,10.1112206,48.7285526,10.024957,10.1768209,48.703418,48.787089
89558,9.9333886,48.6847998,9.850915,9.9947409,48.640262,48.733621
90587,10.8893324,49.511351,10.831406,10.934966,49.4933631,49.548991
91480,10.5567973,49.7006433,10.5060369,10.596607,49.654458,49.7246399
91719,10.738048,48.9969308,10.6741469,10.816346,48.949738,49.0431861
91781,10.9710359,49.0272347,10.8878409,11.087993,48.9536169,49.0642989
93339,11.7001368,48.9534808,11.59513,11.8043668,48.917963,49.021545
94436,12.7397171,48.5666165,12.6540419,12.7790809,48.5072979,48.6149329
95183,11.9346972,50.3619376,11.833574,11.9847521,50.338291,50.4247331
95359,11.3530819,50.0371009,11.2755179,11.414429,50.0069961,50.0740389
95460,11.6653144,50.0433513,11.600716,11.7330629,50.017439,50.0886409
95671,12.4377724,49.8096556,12.331225,12.486335,49.753924,49.858375
96152,10.534869,49.7344614,10.478047,10.654204,49.704177,49.756335
96199,10.9345781,50.0173645,10.9084849,11.008302,49.9803789,50.049751
96328,11.2787173,50.1885108,11.2242949,11.3486579,50.158992,50.2352029
96361,11.3789679,50.4408302,11.278805,11.389983,50.392394,50.46823
96486,10.9687005,50.3431161,10.899765,11.0029159,50.2813329,50.392428
97274,9.7988084,49.8615377,9.743985,9.8360931,49.823779,49.8812069
97282,9.8828934,49.9110486,9.846259,9.9275389,49.888211,49.9320231
97440,10.0842752,49.9817885,9.99963,10.1481998,49.928514,50.043638
97517,10.2016844,50.1738823,10.1718339,10.2359009,50.146068,50.196268
97523,10.1364385,49.920235,10.0990701,10.1650661,49.902496,49.93958
97776,9.824851,50.0048529,9.7619679,9.925503,49.9589741,50.054485
97854,9.6688806,49.9521074,9.599202,9.716071,49.920321,49.983897
97990,9.879681,49.4836562,9.8510731,10.002414,49.430876,49.5559509
97993,10.0299692,49.4714389,9.970702,10.161594,49.3835261,49.547387
98597,10.3294293,50.7624721,10.2011749,10.444124,50.71842,50.788759
99189,10.9503104,51.0451572,10.8624471,11.045349,51.009679,51.142918
99510,11.5004392,51.0110833,11.385173,11.6861931,50.960658,51.109268
99634,10.9741019,51.1573739,10.9057851,11.0658979,51.1166909,51.205826
99826,10.3351003,51.0787394,10.247223,10.435977,51.0217311,51.1528331
99880,10.5608574,50.9318497,10.4587087,10.651573,50.8650971,50.9776048
99947,10.6232172,51.0949266,10.3835831,10.772112,51.03204,51.220951
99955,10.8190946,51.1613707,10.713054,10.922728,51.0942581,51.222435
